Flat_Price,BHK,Location,Total_Sq.ft
0.3,2.0,Abdalpur,900.0
0.3,2.0,Abdalpur,900.0
0.33,2.0,Adarsha Nagar,1200.0
0.33,2.0,Adarsha Nagar,1200.0
0.5,4.0,Agarpara,3200.0
0.4,2.0,Agarpara,1000.0
0.5,4.0,Agarpara,3200.0
0.4,2.0,Agarpara,1000.0
0.55,3.0,Agarpara,1600.0
0.55,3.0,Agarpara,1600.0
0.8,4.0,Agarpara,1500.0
0.48,4.0,Agarpara,1200.0
0.8,4.0,Agarpara,1500.0
0.48,4.0,Agarpara,1200.0
0.46,5.0,Agarpara,1660.0
0.46,5.0,Agarpara,1660.0
0.95,3.0,Agarpara,3000.0
0.95,3.0,Agarpara,3000.0
0.95,3.0,Agarpara,3000.0
0.38,3.0,Agarpara,1250.0
0.38,3.0,Agarpara,1250.0
0.5,3.0,Agarpara,1440.0
1.0,5.0,Agarpara,1500.0
0.5,3.0,Agarpara,1440.0
1.0,5.0,Agarpara,1500.0
1.0,5.0,Agarpara,1500.0
1.0,5.0,Agarpara,1500.0
0.45,3.0,Agarpara,3600.0
0.45,3.0,Agarpara,3600.0
0.55,5.0,Agarpara,1500.0
0.55,5.0,Agarpara,1500.0
0.75,5.0,Agarpara,2500.0
0.75,5.0,Agarpara,5000.0
0.75,5.0,Agarpara,2500.0
0.75,5.0,Agarpara,5000.0
0.85,4.0,Airport,2270.0
0.85,4.0,Airport,2270.0
0.85,3.0,Airport,1000.0
0.85,3.0,Airport,1000.0
50.6,10.0,Alipore,15000.0
50.6,10.0,Alipore,15000.0
38.0,8.0,Alipore,15000.0
8.5,8.0,Alipore,8000.0
14.0,10.0,Alipore,15000.0
38.0,8.0,Alipore,15000.0
8.5,8.0,Alipore,8000.0
14.0,10.0,Alipore,15000.0
2.8,7.0,Alipore,3300.0
0.35,2.0,Alipore,1000.0
0.35,2.0,Alipore,1000.0
0.8,5.0,Alipore,1800.0
0.8,5.0,Alipore,1800.0
2.4,6.0,Alipore,4200.0
2.4,6.0,Alipore,4200.0
8.25,6.0,Alipore,10000.0
8.25,6.0,Alipore,10000.0
0.45,2.0,Alipore,750.0
0.45,2.0,Alipore,750.0
0.75,4.0,Alipore,1200.0
0.5,2.0,Amtala,9720.0
0.5,2.0,Amtala,9720.0
0.8,2.0,Amtala,1440.0
0.8,2.0,Amtala,1440.0
1.1,3.0,Amtala,1400.0
1.1,3.0,Amtala,1400.0
0.5,2.0,Amtala,1600.0
0.5,2.0,Amtala,1600.0
0.32,5.0,Amtala,2160.0
0.32,5.0,Amtala,2160.0
0.13,2.0,Amtala,1440.0
0.13,2.0,Amtala,1440.0
0.5,5.0,Amtala,1900.0
0.65,6.0,Ariadaha,1600.0
0.65,6.0,Ariadaha,1600.0
0.5,3.0,Ariadaha,900.0
0.5,3.0,Ariadaha,900.0
1.6,9.0,Ariadaha,2750.0
1.6,9.0,Ariadaha,2750.0
0.65,4.0,Ariadaha,1600.0
0.65,4.0,Ariadaha,1600.0
1.4,5.0,Ariadaha,2500.0
1.4,6.0,Ariadaha,2858.0
1.4,5.0,Ariadaha,2500.0
1.4,6.0,Ariadaha,2858.0
1.4,5.0,Ariadaha,2500.0
0.24,2.0,Ariadaha,740.0
0.24,2.0,Ariadaha,740.0
1.25,6.0,Ariadaha,2000.0
1.25,6.0,Ariadaha,2000.0
0.8,3.0,Ariadaha,1200.0
0.8,3.0,Ariadaha,1200.0
0.625,2.0,Ariadaha,1800.0
0.625,2.0,Ariadaha,1800.0
1.6,7.0,Ashokgarh,2883.0
1.6,7.0,Ashokgarh,2883.0
1.6,7.0,Ashokgarh,2883.0
0.22,2.0,Ashokgarh,740.0
0.45,1.0,Aurobindo Park,1744.0
0.45,1.0,Aurobindo Park,1744.0
0.6,2.0,Badartala,1200.0
0.6,2.0,Badartala,1200.0
1.0,4.0,Baghajatin,1470.0
1.1,4.0,Baghajatin,1440.0
1.1,4.0,Baghajatin,1440.0
0.92,4.0,Baghajatin,2100.0
0.92,4.0,Baghajatin,2100.0
0.65,4.0,Baghajatin,1200.0
0.65,4.0,Baghajatin,1200.0
0.95,4.0,Baghajatin,1420.0
0.95,4.0,Baghajatin,1420.0
1.6,6.0,Baghajatin,2250.0
1.6,6.0,Baghajatin,2250.0
0.65,3.0,Baghajatin,1440.0
0.75,3.0,Baghajatin,2160.0
0.65,3.0,Baghajatin,1440.0
0.75,3.0,Baghajatin,2160.0
1.3,8.0,Baghajatin,3500.0
0.95,4.0,Baghajatin,1470.0
0.95,4.0,Baghajatin,1470.0
1.3,8.0,Baghajatin,3500.0
0.95,4.0,Baghajatin,1470.0
0.95,4.0,Baghajatin,1470.0
2.0,4.0,Baghajatin,2500.0
2.0,4.0,Baghajatin,2500.0
0.6,3.0,Baghajatin,1050.0
0.6,3.0,Baghajatin,1050.0
1.4,9.0,Baghajatin,3600.0
1.4,9.0,Baghajatin,3600.0
0.9,10.0,Baghajatin,2500.0
1.5,5.0,Baghajatin,2000.0
0.9,10.0,Baghajatin,2500.0
1.5,5.0,Baghajatin,2000.0
1.3,4.0,Baghbazar,2800.0
1.3,4.0,Baghbazar,2800.0
1.0,3.0,Baghbazar,1800.0
1.0,3.0,Baghbazar,1800.0
1.7,10.0,Baghbazar,2500.0
1.7,10.0,Baghbazar,2500.0
0.25,2.0,Baghbazar,750.0
0.4,2.0,Baghbazar,800.0
0.25,2.0,Baghbazar,750.0
0.4,2.0,Baghbazar,800.0
0.6,7.0,Bagmari,2500.0
0.6,7.0,Bagmari,2500.0
0.15,2.0,Bagnan,600.0
0.15,2.0,Bagnan,600.0
0.22,3.0,Bagnan,1000.0
0.22,3.0,Bagnan,1000.0
0.29,3.0,Bagpota,1500.0
0.29,3.0,Bagpota,1500.0
0.14,1.0,Bagpota,450.0
0.155,1.0,Bagpota,500.0
0.155,1.0,Bagpota,350.0
0.155,1.0,Bagpota,500.0
0.155,1.0,Bagpota,350.0
1.5,4.0,Baguiati,1750.0
1.5,4.0,Baguiati,1750.0
0.5,4.0,Baguiati,1300.0
0.5,4.0,Baguiati,1300.0
0.46,1.0,Baguiati,1357.0
0.46,1.0,Baguiati,1357.0
0.8,3.0,Baguiati,850.0
0.8,3.0,Baguiati,850.0
0.75,7.0,Baguiati,2300.0
0.75,5.0,Baguiati,2000.0
0.75,7.0,Baguiati,2300.0
0.75,5.0,Baguiati,2000.0
0.8,6.0,Baguiati,2400.0
0.8,6.0,Baguiati,2400.0
3.25,7.0,Baguiati,4150.0
3.25,7.0,Baguiati,4150.0
1.5,9.0,Baguiati,3000.0
1.5,9.0,Baguiati,3000.0
0.42,3.0,Baguiati,1260.0
0.42,3.0,Baguiati,1260.0
2.55,5.0,Baguiati,3600.0
0.55,2.0,Baguiati,900.0
0.55,2.0,Baguiati,900.0
1.05,6.0,Baguihati,4000.0
1.05,6.0,Baguihati,4000.0
0.9,4.0,Baguihati,2500.0
0.9,4.0,Baguihati,2500.0
0.51,2.0,Baguihati,800.0
0.51,2.0,Baguihati,800.0
0.75,6.0,Baguihati,3200.0
0.75,6.0,Baguihati,3200.0
1.5,8.0,Baishnabghata Patuli Township,3000.0
1.5,8.0,Baishnabghata Patuli Township,3000.0
0.9,3.0,Baishnabghata Patuli Township,1200.0
0.9,3.0,Baishnabghata Patuli Township,1200.0
2.5,5.0,Baishnabghata Patuli Township,3000.0
2.5,5.0,Baishnabghata Patuli Township,3000.0
1.0,7.0,Baishnabghata Patuli Township,3001.0
1.0,7.0,Baishnabghata Patuli Township,3001.0
0.42,2.0,Baishnabghata Patuli Township,810.0
0.42,2.0,Baishnabghata Patuli Township,810.0
0.8,3.0,Baishnabghata Patuli Township,2500.0
0.8,3.0,Baishnabghata Patuli Township,1650.0
0.22,2.0,Baishnabghata Patuli Township,600.0
0.8,3.0,Baishnabghata Patuli Township,2500.0
0.8,3.0,Baishnabghata Patuli Township,1650.0
0.22,2.0,Baishnabghata Patuli Township,600.0
1.8,5.0,Baishnabghata Patuli Township,1900.0
1.8,5.0,Baishnabghata Patuli Township,1900.0
0.14,1.0,Baishnabghata Patuli Township,400.0
0.14,1.0,Baishnabghata Patuli Township,400.0
0.85,6.0,Baishnabghata Patuli Township,3200.0
0.85,6.0,Baishnabghata Patuli Township,3800.0
0.85,6.0,Baishnabghata Patuli Township,3200.0
0.85,6.0,Baishnabghata Patuli Township,3800.0
0.7,2.0,Baishnabghata Patuli Township,1200.0
0.7,2.0,Baishnabghata Patuli Township,1200.0
1.9,4.0,Baithakkhana,1480.0
1.9,4.0,Baithakkhana,1480.0
1.8,4.0,Baithakkhana,2880.0
1.8,4.0,Baithakkhana,2880.0
0.25,2.0,Baithakkhana,700.0
0.25,2.0,Baithakkhana,700.0
8.5,6.0,Ballygunge,4200.0
45.0,10.0,Ballygunge,15000.0
45.0,10.0,Ballygunge,15000.0
12.0,5.0,Ballygunge,4753.0
12.0,5.0,Ballygunge,4753.0
9.0,10.0,Ballygunge,7500.0
9.0,10.0,Ballygunge,7500.0
1.6,4.0,Ballygunge,2400.0
5.0,8.0,Ballygunge,4500.0
1.6,4.0,Ballygunge,2400.0
5.0,8.0,Ballygunge,4500.0
5.5,10.0,Ballygunge,4200.0
5.5,10.0,Ballygunge,4200.0
32.0,10.0,Ballygunge,15000.0
32.0,10.0,Ballygunge,15000.0
15.6,10.0,Ballygunge,8000.0
15.6,10.0,Ballygunge,8000.0
12.0,10.0,Ballygunge,4000.0
7.0,6.0,Ballygunge,5300.0
12.0,10.0,Ballygunge,4000.0
7.0,6.0,Ballygunge,5300.0
24.0,10.0,Ballygunge,10000.0
35.0,8.0,Ballygunge,10000.0
24.0,10.0,Ballygunge,10000.0
35.0,8.0,Ballygunge,10000.0
2.0,2.0,Ballygunge,2200.0
2.0,2.0,Ballygunge,2200.0
10.0,10.0,Ballygunge,7500.0
10.0,10.0,Ballygunge,7500.0
4.8,8.0,Ballygunge,3000.0
8.0,10.0,Ballygunge,10000.0
4.8,8.0,Ballygunge,3000.0
8.0,10.0,Ballygunge,10000.0
12.8,7.0,Ballygunge,8000.0
12.8,7.0,Ballygunge,8000.0
6.5,10.0,Ballygunge,6000.0
6.5,10.0,Ballygunge,6000.0
0.95,6.0,Ballygunge,2100.0
0.95,6.0,Ballygunge,2100.0
5.0,8.0,Ballygunge,6500.0
5.0,8.0,Ballygunge,6500.0
2.15,4.0,Ballygunge,8000.0
2.15,4.0,Ballygunge,8000.0
0.32,2.0,Ballygunge,750.0
0.32,2.0,Ballygunge,750.0
3.5,3.0,Ballygunge,2000.0
3.5,3.0,Ballygunge,2000.0
2.1,7.0,Ballygunge,3000.0
2.1,7.0,Ballygunge,3000.0
4.5,6.0,Ballygunge,7500.0
3.0,4.0,Ballygunge,3000.0
4.5,6.0,Ballygunge,7500.0
3.0,4.0,Ballygunge,3000.0
3.2,5.0,Ballygunge,2700.0
3.2,5.0,Ballygunge,2700.0
2.25,4.0,Ballygunge,1075.0
2.25,4.0,Ballygunge,1075.0
6.3,5.0,Ballygunge,5000.0
6.3,5.0,Ballygunge,5000.0
0.5,3.0,Ballygunge,1000.0
0.5,3.0,Ballygunge,1000.0
0.95,3.0,Ballygunge,1500.0
0.95,3.0,Ballygunge,1500.0
0.23,2.0,Bamangachhi,1500.0
0.23,2.0,Bamangachhi,1500.0
0.22,2.0,Bamangachhi,1200.0
0.22,2.0,Bamangachhi,1200.0
0.22,2.0,Bamunpara,1100.0
0.22,2.0,Bamunpara,1100.0
0.5,2.0,Bangaon,900.0
0.5,2.0,Bangaon,900.0
0.5,7.0,Bangaon,14400.0
0.5,7.0,Bangaon,14400.0
0.45,4.0,Bansdroni,1300.0
0.45,4.0,Bansdroni,1300.0
0.22,2.0,Bansdroni,1200.0
0.75,4.0,Bansdroni,2000.0
0.75,4.0,Bansdroni,2000.0
2.0,6.0,Bansdroni,7200.0
2.0,6.0,Bansdroni,7200.0
1.0,6.0,Bansdroni,3000.0
1.0,6.0,Bansdroni,3000.0
0.7,3.0,Bansdroni,2200.0
0.7,3.0,Bansdroni,2200.0
1.15,5.0,Bansdroni,3000.0
1.15,5.0,Bansdroni,3000.0
0.7,3.0,Bansdroni,2000.0
0.7,3.0,Bansdroni,2000.0
1.5,5.0,Bansdroni,3000.0
1.5,5.0,Bansdroni,3000.0
0.7,3.0,Bansdroni,2000.0
0.7,3.0,Bansdroni,2000.0
1.5,5.0,Bansdroni,3000.0
1.5,5.0,Bansdroni,3000.0
1.5,6.0,Bansdroni,2400.0
0.5,7.0,Bansdroni,2500.0
1.5,6.0,Bansdroni,2400.0
0.5,7.0,Bansdroni,2500.0
0.55,4.0,Bansdroni,1400.0
0.55,4.0,Bansdroni,1400.0
0.85,4.0,Bansdroni,1500.0
0.85,4.0,Bansdroni,1500.0
1.0,5.0,Bansdroni,2500.0
1.0,5.0,Bansdroni,2500.0
1.0,5.0,Bansdroni,2500.0
1.0,5.0,Bansdroni,2500.0
2.4,5.0,Bansdroni,3800.0
2.4,5.0,Bansdroni,3800.0
1.0,5.0,Bansdroni,2500.0
0.35,2.0,Bansdroni,850.0
0.35,2.0,Bansdroni,850.0
1.9,4.0,Bansdroni,11278.0
1.9,4.0,Bansdroni,11278.0
0.55,3.0,Bansdroni,1440.0
0.55,3.0,Bansdroni,1440.0
1.3,4.0,Bansdroni,2500.0
1.3,4.0,Bansdroni,2500.0
1.0,10.0,Bansdroni,4000.0
1.0,10.0,Bansdroni,4000.0
0.55,4.0,Bansdroni,2500.0
0.55,4.0,Bansdroni,2500.0
0.6,3.0,Bantala,1440.0
0.6,3.0,Bantala,1440.0
1.25,9.0,Bantala,3000.0
1.25,9.0,Bantala,3000.0
1.25,9.0,Bantala,3000.0
0.2,3.0,Barabazar Market,1000.0
0.2,3.0,Barabazar Market,1000.0
1.0,3.0,Barabazar Market,1000.0
1.0,3.0,Barabazar Market,1000.0
8.5,10.5,Barabazar Market,4680.0
8.5,5.0,Barabazar Market,4680.0
8.5,10.5,Barabazar Market,4680.0
8.5,5.0,Barabazar Market,4680.0
20.0,6.0,Barabazar Market,7200.0
20.0,6.0,Barabazar Market,7200.0
0.27,2.0,Baranagar,774.0
0.27,2.0,Baranagar,774.0
0.7,2.0,Baranagar,800.0
0.7,2.0,Baranagar,800.0
0.19,2.0,Baranagar,624.0
0.19,2.0,Baranagar,624.0
1.05,5.0,Baranagar,1784.0
3.0,7.0,Baranagar,3600.0
1.05,5.0,Baranagar,1784.0
3.0,7.0,Baranagar,3600.0
0.8,5.0,Baranagar,2520.0
0.8,5.0,Baranagar,2520.0
0.7,5.0,Baranagar,2200.0
0.7,5.0,Baranagar,2200.0
0.401,2.0,Barasat,770.0
0.401,2.0,Barasat,770.0
0.38,4.0,Barasat,1000.0
0.38,4.0,Barasat,1000.0
1.54,4.0,Barasat,4005.0
1.54,4.0,Barasat,4005.0
0.35,2.0,Barasat,940.0
0.35,2.0,Barasat,940.0
2.1,5.0,Barasat,15000.0
2.1,5.0,Barasat,15000.0
0.38,2.0,Barasat,900.0
0.36,3.0,Barasat,1180.0
0.38,2.0,Barasat,900.0
0.36,3.0,Barasat,1180.0
0.65,5.0,Barasat,2279.0
0.65,5.0,Barasat,2279.0
0.37,2.0,Barasat,950.0
0.37,2.0,Barasat,950.0
0.55,5.0,Barasat,2000.0
0.55,5.0,Barasat,2000.0
0.45,2.0,Barasat,1200.0
0.45,2.0,Barasat,1200.0
2.1,10.0,Barasat,3850.0
2.1,10.0,Barasat,3850.0
0.8,6.0,Barasat,1500.0
1.2,5.0,Barasat,2159.0
1.2,5.0,Barasat,2159.0
1.0,6.0,Barasat,2000.0
0.16,3.0,Barasat,1000.0
1.5,7.0,Barasat,4888.0
1.5,7.0,Barasat,4888.0
1.05,8.0,Barasat,3700.0
1.05,8.0,Barasat,3700.0
0.9,5.0,Barisha,3100.0
0.9,5.0,Barisha,3100.0
1.8,8.0,Barisha,4140.0
1.8,8.0,Barisha,4140.0
0.75,3.0,Barisha,1100.0
0.75,3.0,Barisha,1100.0
1.5,7.0,Barisha,4200.0
1.5,7.0,Barisha,4200.0
1.1,3.0,Barisha,2000.0
1.1,3.0,Barisha,2000.0
1.3,7.0,Barisha,4500.0
1.3,7.0,Barisha,4500.0
0.7,2.0,Barisha,2200.0
0.7,2.0,Barisha,2200.0
0.7,4.0,Barisha,1600.0
0.45,3.0,Barrackpore,1400.0
0.55,4.0,Barrackpore,1400.0
0.67,4.0,Barrackpore,1440.0
0.55,4.0,Barrackpore,1400.0
0.67,4.0,Barrackpore,1440.0
0.7,3.0,Barrackpore,2420.0
0.7,3.0,Barrackpore,2420.0
0.55,2.0,Barrackpore,800.0
0.55,2.0,Barrackpore,800.0
0.42,2.0,Barrackpore,1150.0
0.4,3.0,Barrackpore,1500.0
0.42,2.0,Barrackpore,1150.0
0.4,3.0,Barrackpore,1500.0
0.5,3.0,Barrackpore,1215.0
0.5,3.0,Barrackpore,1215.0
0.15,3.0,Barrackpore,1500.0
0.15,3.0,Barrackpore,1500.0
1.12,7.0,Barrackpore,2800.0
1.12,7.0,Barrackpore,2800.0
0.55,4.0,Barrackpore,1600.0
1.0,6.0,Barrackpore,2500.0
0.55,4.0,Barrackpore,1600.0
1.0,6.0,Barrackpore,2500.0
1.4,8.0,Barrackpore,3350.0
1.4,8.0,Barrackpore,3350.0
0.4,3.0,Barrackpore,1400.0
0.4,3.0,Barrackpore,1400.0
0.7,5.0,Barrackpore,3000.0
0.7,5.0,Barrackpore,3000.0
0.45,3.0,Barrackpore,3000.0
0.45,3.0,Barrackpore,3000.0
0.45,3.0,Barrackpore,1200.0
0.45,3.0,Barrackpore,1200.0
1.0,5.0,Barrackpore,2400.0
1.0,5.0,Barrackpore,2400.0
1.5,7.0,Barrackpore,4320.0
1.5,7.0,Barrackpore,4320.0
1.0,6.0,Barrackpore,2300.0
1.44,8.0,Barrackpore,3200.0
1.44,8.0,Barrackpore,3200.0
1.5,6.0,Barrackpore,3600.0
0.25,4.0,Baruipur,3500.0
0.25,4.0,Baruipur,3500.0
0.265,3.0,Baruipur,1100.0
0.265,3.0,Baruipur,1100.0
1.4,9.0,Baruipur,3000.0
1.4,9.0,Baruipur,3000.0
1.15,8.0,Baruipur P,4500.0
1.15,8.0,Baruipur P,4500.0
0.14,2.0,Baruipur P,770.0
0.14,2.0,Baruipur P,750.0
0.14,2.0,Baruipur P,770.0
0.14,2.0,Baruipur P,750.0
0.39,2.0,Basirhat,2200.0
0.39,2.0,Basirhat,2200.0
0.2,2.0,Basirhat,1000.0
0.2,2.0,Basirhat,1000.0
0.2,2.0,Basirhat,1000.0
3.5,10.0,Basirhat,12000.0
3.5,10.0,Basirhat,12000.0
0.99,5.0,Behala,2500.0
0.99,5.0,Behala,2500.0
0.8,5.0,Behala,2000.0
0.8,5.0,Behala,3000.0
0.8,5.0,Behala,2000.0
0.8,5.0,Behala,3000.0
2.5,5.0,Behala,3600.0
0.7,4.0,Behala,1080.0
2.5,5.0,Behala,3600.0
0.7,4.0,Behala,1080.0
1.3,5.0,Behala,1700.0
1.3,5.0,Behala,1700.0
0.7,4.0,Behala,2700.0
2.2,5.0,Behala,3600.0
0.7,4.0,Behala,2700.0
2.2,5.0,Behala,3600.0
1.1,5.0,Behala,2700.0
1.1,5.0,Behala,2700.0
2.25,5.0,Behala,2800.0
0.9,6.0,Behala,3900.0
0.9,6.0,Behala,3000.0
1.5,8.0,Behala,3600.0
2.25,5.0,Behala,2800.0
0.9,6.0,Behala,3900.0
0.9,6.0,Behala,3000.0
1.5,8.0,Behala,3600.0
0.95,4.0,Behala,2800.0
0.95,4.0,Behala,2800.0
1.75,6.0,Behala,5000.0
1.75,6.0,Behala,5000.0
0.8,5.0,Behala,2800.0
0.8,5.0,Behala,2800.0
1.65,6.0,Behala,4320.0
1.65,6.0,Behala,4320.0
5.0,6.0,Behala,7000.0
5.0,6.0,Behala,7000.0
0.88,5.0,Behala,1250.0
0.88,5.0,Behala,1250.0
1.0,5.0,Behala,1600.0
1.0,5.0,Behala,1600.0
0.7,6.0,Behala,2200.0
0.7,6.0,Behala,2200.0
0.6,3.0,Behala,2200.0
0.6,3.0,Behala,2200.0
0.88,4.0,Behala,1500.0
0.88,4.0,Behala,1500.0
0.5,2.0,Behala,800.0
1.2,5.0,Behala,3200.0
0.5,2.0,Behala,800.0
1.2,5.0,Behala,3200.0
0.32,4.0,Behala,1300.0
0.32,4.0,Behala,1300.0
0.35,2.0,Behala,1200.0
0.35,2.0,Behala,1200.0
0.43,3.0,Behala,1040.0
0.43,3.0,Behala,1040.0
0.8,3.0,Behala,2000.0
0.8,3.0,Behala,2000.0
0.75,6.0,Behala,2000.0
0.75,6.0,Behala,2000.0
0.42,4.0,Behala,1079.0
0.8,1.0,Behala,2800.0
0.42,4.0,Behala,1079.0
0.8,1.0,Behala,2800.0
0.65,4.0,Behala,2970.0
0.65,4.0,Behala,2970.0
0.4,3.0,Behala,1000.0
0.4,3.0,Behala,1000.0
0.75,2.0,Behala,2277.0
0.75,2.0,Behala,2277.0
0.17,2.0,Behala,1080.0
0.17,2.0,Behala,1080.0
5.95,7.0,Behala,7000.0
5.95,7.0,Behala,7000.0
0.31,2.0,Behala,1440.0
0.31,2.0,Behala,1440.0
0.63,1.0,Behala,450.0
0.63,1.0,Behala,450.0
0.4,2.0,Behala,900.0
0.4,2.0,Behala,900.0
1.4,4.0,Behala,6000.0
1.4,4.0,Behala,3000.0
1.4,4.0,Behala,6000.0
1.4,4.0,Behala,3000.0
0.99,8.0,Behala,4620.0
0.99,8.0,Behala,2480.0
0.83,3.0,Behala,1700.0
1.0,3.0,Behala,3000.0
1.0,3.0,Behala,3000.0
0.85,1.0,Behala,1800.0
0.85,1.0,Behala,1800.0
1.5,8.0,Behala,3000.0
1.5,8.0,Behala,3000.0
1.4,10.0,Behala,2520.0
1.4,10.0,Behala,2520.0
4.2,5.0,Belgachia,2880.0
4.2,5.0,Belgachia,2880.0
0.87,5.0,Belghoria,2500.0
0.87,5.0,Belghoria,2500.0
0.33,4.0,Belghoria,1080.0
0.33,4.0,Belghoria,1080.0
0.66,5.0,Belghoria,3000.0
0.66,5.0,Belghoria,3000.0
0.75,4.0,Belghoria,2400.0
0.75,4.0,Belghoria,2400.0
0.72,4.0,Belghoria,1465.0
0.72,4.0,Belghoria,1465.0
0.7,5.0,Belghoria,1620.0
0.7,5.0,Belghoria,1620.0
1.3,10.0,Belghoria,5400.0
1.3,10.0,Belghoria,5400.0
0.8,2.0,Belghoria,1300.0
0.8,2.0,Belghoria,1200.0
0.8,2.0,Belghoria,1300.0
0.8,2.0,Belghoria,1200.0
0.5,2.0,Belghoria,1080.0
0.5,2.0,Belghoria,1080.0
0.255,3.0,Belghoria,1200.0
0.255,3.0,Belghoria,1200.0
0.52,2.0,Belghoria,1000.0
0.52,2.0,Belghoria,1000.0
1.25,3.0,Belghoria,2000.0
1.25,3.0,Belghoria,2000.0
0.5,3.0,Belghoria,1275.0
0.52,2.0,Belghoria,960.0
0.5,3.0,Belghoria,1275.0
0.52,2.0,Belghoria,960.0
0.75,8.0,Belghoria,3500.0
0.75,8.0,Belghoria,3500.0
0.52,2.0,Belghoria,960.0
0.45,5.0,Belghoria,1800.0
0.45,5.0,Belghoria,1800.0
0.85,7.0,Belghoria,3300.0
0.85,7.0,Belghoria,3300.0
0.65,4.0,Beliaghata,1906.0
0.65,4.0,Beliaghata,1906.0
3.0,6.0,Beliaghata,7000.0
3.0,6.0,Beliaghata,7000.0
0.405,2.0,Beliaghata,680.0
0.405,2.0,Beliaghata,680.0
3.5,10.0,Beliaghata,9000.0
3.5,10.0,Beliaghata,9000.0
0.45,3.0,Beliaghata,1100.0
0.45,3.0,Beliaghata,1100.0
0.6,6.0,Beliaghata,3000.0
0.6,6.0,Beliaghata,3000.0
1.5,6.0,Beliaghata,3000.0
0.7,2.0,Beliaghata,1200.0
1.5,6.0,Beliaghata,3000.0
0.7,2.0,Beliaghata,1200.0
2.3,10.0,Beliaghata,6000.0
2.3,10.0,Beliaghata,6000.0
3.0,8.0,Beliaghata,5500.0
3.0,8.0,Beliaghata,5500.0
4.5,10.0,Beliaghata,4860.0
4.5,10.0,Beliaghata,4860.0
0.48,2.0,Beliaghata,910.0
0.48,2.0,Beliaghata,910.0
5.5,10.0,Beniapukur,3500.0
5.5,10.0,Beniapukur,3500.0
0.7,2.0,Beniapukur,936.0
0.7,2.0,Beniapukur,936.0
0.9,4.0,Beniatola,1900.0
0.9,4.0,Beniatola,1900.0
0.4,3.0,Beniatola,1100.0
0.4,3.0,Beniatola,1100.0
1.5,10.0,Beniatola,4500.0
1.5,10.0,Beniatola,4500.0
0.29,3.0,Berunanpukhuria,1070.0
0.29,3.0,Berunanpukhuria,1070.0
0.65,3.0,Bhatenda,1188.0
0.65,3.0,Bhatenda,1188.0
0.7,5.0,Bhatpara,3240.0
0.7,5.0,Bhatpara,3240.0
0.22,2.0,Bhatpara,900.0
0.22,2.0,Bhatpara,900.0
0.3,3.0,Bhatpara,2000.0
0.22,2.0,Bhatpara,800.0
0.3,3.0,Bhatpara,2000.0
0.22,2.0,Bhatpara,800.0
0.19,2.0,Bhatpara,2385.0
0.19,2.0,Bhatpara,2385.0
0.65,4.0,Bhatpara,1440.0
0.65,4.0,Bhatpara,1440.0
0.35,3.0,Bhatpara,1350.0
0.35,3.0,Bhatpara,1350.0
2.45,10.0,Bhatpara,5220.0
2.45,10.0,Bhatpara,5220.0
0.9,4.0,Bhatpara,1500.0
0.9,4.0,Bhatpara,1500.0
0.9,3.0,Bhatpara,2160.0
0.95,2.0,Bhatpara,1500.0
0.9,3.0,Bhatpara,2160.0
0.95,2.0,Bhatpara,1500.0
0.2,1.0,Bhatpara,1000.0
0.2,1.0,Bhatpara,1000.0
1.2,4.0,Bhatpara,3000.0
1.2,4.0,Bhatpara,3000.0
0.2,1.0,Bhatpara,1000.0
0.85,5.0,Bhatpara,1891.0
0.85,5.0,Bhatpara,1891.0
0.85,5.0,Bhatpara,1891.0
0.22,2.0,Bhatpara,1450.0
0.22,2.0,Bhatpara,1450.0
0.45,2.0,Bhatpara,2100.0
0.45,2.0,Bhatpara,2100.0
0.45,2.0,Bhatpara,2100.0
0.7,5.0,Bhatpara,2000.0
0.7,5.0,Bhatpara,2000.0
0.4,3.0,Bhatpara,2880.0
0.4,3.0,Bhatpara,2880.0
0.4,3.0,Bhatpara,2160.0
0.4,3.0,Bhatpara,2160.0
0.48,3.0,Bhatpara,1800.0
0.5556,3.0,Bhatpara,1000.0
0.48,3.0,Bhatpara,1800.0
0.5556,3.0,Bhatpara,1000.0
0.4,2.0,Bhatpara,1800.0
0.5,3.0,Bhatpara,1800.0
0.4,2.0,Bhatpara,1800.0
0.5,3.0,Bhatpara,1800.0
0.38,4.0,Bhatpara,2000.0
0.38,4.0,Bhatpara,2000.0
0.45,4.0,Bhatpara,2500.0
0.45,4.0,Bhatpara,2500.0
0.6,3.0,Bhatpara,1400.0
0.6,3.0,Bhatpara,1400.0
0.6,3.0,Bhatpara,1400.0
1.75,7.0,Bhowanipore,3000.0
1.75,7.0,Bhowanipore,3000.0
2.5,3.0,Bhowanipore,4200.0
2.5,3.0,Bhowanipore,4200.0
6.5,6.0,Bhowanipore,6500.0
6.5,6.0,Bhowanipore,6500.0
6.35,6.0,Bhowanipore,4000.0
6.5,10.0,Bhowanipore,10000.0
6.35,6.0,Bhowanipore,4000.0
6.5,10.0,Bhowanipore,10000.0
2.5,10.0,Bhowanipore,3200.0
2.5,10.0,Bhowanipore,3200.0
2.5,10.0,Bhowanipore,3200.0
3.9,6.0,Bhowanipore,2100.0
3.9,6.0,Bhowanipore,2100.0
3.0,5.0,Bhowanipore,2160.0
3.0,5.0,Bhowanipore,2160.0
4.0,10.0,Bhowanipore,3000.0
4.0,10.0,Bhowanipore,3000.0
2.9,6.0,Bhowanipore,2160.0
2.9,6.0,Bhowanipore,2160.0
0.65,3.0,Bhowanipore,1400.0
0.65,3.0,Bhowanipore,1400.0
7.5,10.5,Bhowanipore,5625.0
7.5,10.5,Bhowanipore,5625.0
2.8,2.0,Bhowanipore,3300.0
2.8,2.0,Bhowanipore,3300.0
1.5,4.0,Bhowanipore,1596.0
1.5,4.0,Bhowanipore,1596.0
3.2,6.0,Bhowanipore,2752.0
3.2,6.0,Bhowanipore,2752.0
1.4,3.0,Bhowanipore,850.0
3.2,6.0,Bhowanipore,2752.0
1.4,3.0,Bhowanipore,850.0
1.75,3.0,Bhowanipore,2700.0
3.0,8.0,Bhowanipore,3500.0
1.75,3.0,Bhowanipore,2700.0
3.0,8.0,Bhowanipore,3500.0
1.2,4.0,Bijoygarh,2000.0
1.2,3.0,Bijoygarh,2521.0
1.2,3.0,Bijoygarh,2520.0
1.2,4.0,Bijoygarh,2000.0
1.2,3.0,Bijoygarh,2521.0
1.2,3.0,Bijoygarh,2520.0
2.8,10.0,Bijoygarh,4500.0
2.8,10.0,Bijoygarh,4500.0
0.26,2.0,Bijoygarh,746.0
0.26,2.0,Bijoygarh,746.0
0.9,5.0,Bijoygarh,3500.0
0.9,5.0,Bijoygarh,3500.0
0.85,4.0,Bijoygarh,2300.0
0.85,4.0,Bijoygarh,2300.0
0.18,2.0,Bira,1440.0
0.18,2.0,Bira,1440.0
0.5,3.0,Bira,1400.0
0.5,3.0,Bira,1400.0
0.5,3.0,Bira,1000.0
0.5,3.0,Bira,1000.0
0.5,3.0,Bira,1000.0
0.15,4.0,Bira,1000.0
0.15,4.0,Bira,1000.0
1.3,6.0,Birati,6000.0
1.3,6.0,Birati,6000.0
0.58,3.0,Birati,1440.0
0.58,3.0,Birati,1440.0
0.8,5.0,Birati,2366.0
0.8,5.0,Birati,2366.0
1.05,4.0,Birati,2100.0
1.05,4.0,Birati,2100.0
0.55,4.0,Birati,2300.0
0.55,4.0,Birati,2300.0
1.07,5.0,Birati,2100.0
1.07,5.0,Birati,2100.0
1.1,6.0,Birati,1800.0
0.7,5.0,Birati,2700.0
0.7,5.0,Birati,2700.0
1.5,3.0,Birati,1600.0
1.5,3.0,Birati,1600.0
0.395,1.0,Birati,450.0
0.395,1.0,Birati,450.0
0.95,4.0,Birati,2520.0
0.95,4.0,Birati,2520.0
2.0,6.0,Birati,4400.0
2.0,4.0,Birati,4500.0
2.0,6.0,Birati,4400.0
2.0,4.0,Birati,4500.0
0.55,4.0,Birati,2800.0
0.55,4.0,Birati,2800.0
0.65,3.5,Birati,1200.0
0.65,3.5,Birati,1200.0
0.24,2.0,Birati,1080.0
0.24,2.0,Birati,1080.0
0.35,2.0,Birati,500.0
0.35,2.0,Birati,500.0
0.8,10.0,Birati,2519.0
0.3,2.0,Birati,1400.0
0.3,2.0,Birati,1400.0
1.2,6.0,Birati,2600.0
1.2,6.0,Birati,2600.0
2.1,6.0,Birati,7000.0
2.1,6.0,Birati,7000.0
0.71,2.0,Bishnupur,5820.0
0.71,2.0,Bishnupur,5820.0
0.71,2.0,Bishnupur,5820.0
0.45,2.0,Bow Barracks,500.0
5.0,10.0,Bow Bazaar,4000.0
5.0,10.0,Bow Bazaar,4000.0
20.0,10.0,Bow Bazaar,15000.0
5.0,10.0,Bow Bazaar,5154.0
20.0,10.0,Bow Bazaar,15000.0
5.0,10.0,Bow Bazaar,5154.0
5.0,10.0,Bow Bazaar,5154.0
0.12,1.0,Bow Bazaar,350.0
5.0,10.0,Bow Bazaar,5154.0
5.0,10.0,Bow Bazaar,5154.0
3.0,6.0,Bow Bazaar,4000.0
3.0,6.0,Bow Bazaar,4000.0
1.0,5.0,Bow Bazaar,2020.0
1.0,5.0,Bow Bazaar,2020.0
2.4,8.0,Bow Bazaar,3000.0
0.46,3.0,Bramhapur,1080.0
0.46,3.0,Bramhapur,1080.0
0.56,2.0,Bramhapur,1500.0
0.56,2.0,Bramhapur,1500.0
1.05,7.0,Bramhapur,2800.0
0.35,3.0,Bramhapur,900.0
0.35,3.0,Bramhapur,900.0
0.7,5.0,Bramhapur,2400.0
0.7,5.0,Bramhapur,2400.0
1.1,5.0,Bramhapur,2123.0
1.1,5.0,Bramhapur,2123.0
0.96,5.0,Bramhapur,3500.0
0.96,5.0,Bramhapur,3500.0
0.9,5.0,Bramhapur,2000.0
0.9,5.0,Bramhapur,2000.0
0.9,5.0,Bramhapur,1800.0
0.9,5.0,Bramhapur,1800.0
0.62,7.0,Bramhapur,1850.0
0.62,7.0,Bramhapur,1850.0
0.15,1.0,Bramhapur,400.0
0.15,1.0,Bramhapur,400.0
0.6,10.0,Bramhapur,3200.0
0.6,10.0,Bramhapur,3200.0
0.6,10.0,Bramhapur,3200.0
0.6,10.0,Bramhapur,3200.0
0.9,6.0,Budge Budge,2500.0
0.9,6.0,Budge Budge,2500.0
2.2,5.0,Budge Budge,15000.0
2.2,5.0,Budge Budge,15000.0
0.32,2.0,Budge Budge,1440.0
0.32,2.0,Budge Budge,1440.0
0.4,2.0,Budge Budge,2231.0
0.4,2.0,Budge Budge,2231.0
0.36,3.0,Budge Budge,1440.0
0.36,3.0,Budge Budge,1440.0
0.45,2.0,Budge Budge,750.0
0.45,2.0,Budge Budge,750.0
0.45,2.0,Budge Budge,750.0
0.45,2.0,Budge Budge,750.0
0.45,2.0,Budge Budge,750.0
0.45,2.0,Budge Budge,750.0
0.3,6.0,Budge Budge,2000.0
1.1,6.0,Budge Budge,3484.0
1.1,6.0,Budge Budge,3484.0
0.7,4.0,Champahati,2000.0
0.7,4.0,Champahati,2000.0
0.25,3.0,Champahati,2000.0
0.25,3.0,Champahati,2000.0
0.35,2.0,Champahati,3000.0
0.35,2.0,Champahati,3000.0
0.6,7.0,Chandpara,2000.0
0.6,7.0,Chandpara,2000.0
0.37,2.0,Chinar Park,800.0
0.37,2.0,Chinar Park,800.0
1.15,4.0,Chinar Park,1820.0
1.15,4.0,Chinar Park,1820.0
2.1,4.0,Chinar Park,1440.0
2.1,4.0,Chinar Park,1440.0
0.95,4.0,Chinar Park,1440.0
0.95,4.0,Chinar Park,1440.0
1.6,7.0,Chinar Park,3500.0
1.6,7.0,Chinar Park,3500.0
1.1,5.0,Chitpur,1984.0
1.1,5.0,Chitpur,1984.0
0.47,2.0,Chowbaga,1000.0
0.47,2.0,Chowbaga,1000.0
0.4,3.0,Chowbaga,1150.0
1.5,7.0,Chowbaga,2550.0
0.4,3.0,Chowbaga,1150.0
1.5,7.0,Chowbaga,2550.0
0.4,6.0,College Square,2200.0
0.4,6.0,College Square,2200.0
1.4,5.0,Cossipore,1600.0
1.4,5.0,Cossipore,1600.0
1.4,5.0,Cossipore,1600.0
1.4,5.0,Cossipore,1600.0
0.9,4.0,Cossipore,2450.0
0.9,4.0,Cossipore,2450.0
0.95,4.0,Cossipore,2000.0
0.95,4.0,Cossipore,2000.0
0.6,3.0,Dakshin Gobindopur,1424.0
0.65,3.0,Dakshin Gobindopur,1518.0
0.6,3.0,Dakshin Gobindopur,1424.0
0.65,3.0,Dakshin Gobindopur,1518.0
0.58,3.0,Dakshin Gobindopur,1424.0
0.62,3.0,Dakshin Gobindopur,1593.0
0.58,3.0,Dakshin Gobindopur,1424.0
0.62,3.0,Dakshin Gobindopur,1593.0
0.35,3.0,Dakshineswar,1200.0
0.35,3.0,Dakshineswar,1200.0
0.39,3.0,Dakshineswar,4580.0
0.39,3.0,Dakshineswar,4580.0
0.6,3.0,Dakshineswar,1500.0
0.6,3.0,Dakshineswar,1500.0
0.95,4.0,Dhakuria,1862.0
0.95,4.0,Dhakuria,1862.0
0.35,3.0,Dhakuria,1000.0
14.0,10.0,Dhakuria,14000.0
1.2,4.0,Dhakuria,1800.0
0.35,3.0,Dhakuria,1000.0
14.0,10.0,Dhakuria,14000.0
1.2,4.0,Dhakuria,1800.0
0.8,3.0,Dhakuria,2400.0
0.8,3.0,Dhakuria,2400.0
1.8,4.0,Dhakuria,2650.0
1.8,4.0,Dhakuria,2650.0
1.75,2.0,Dhakuria,2000.0
1.75,2.0,Dhakuria,2000.0
1.75,7.0,Dhakuria,2800.0
1.75,7.0,Dhakuria,2800.0
2.2,7.0,Dhakuria,2800.0
2.2,7.0,Dhakuria,2800.0
0.85,6.0,Dhakuria,3500.0
0.85,6.0,Dhakuria,3500.0
1.1,5.0,Dhakuria,1800.0
1.1,5.0,Dhakuria,1800.0
1.5,4.0,Dhakuria,2000.0
1.5,4.0,Dhakuria,2000.0
0.9,6.0,Dhakuria,2400.0
0.9,6.0,Dhakuria,2400.0
0.4,2.0,Diamond Harbour,1308.0
0.4,2.0,Diamond Harbour,1308.0
2.0,8.0,Diamond Harbour,4000.0
2.0,8.0,Diamond Harbour,4000.0
0.83,5.0,Diamond Harbour,4600.0
0.83,5.0,Diamond Harbour,4600.0
0.9,6.0,Diamond Harbour,2200.0
0.9,6.0,Diamond Harbour,2200.0
0.34,2.0,Diamond Harbour,1200.0
0.34,2.0,Diamond Harbour,1200.0
0.9,8.0,Diamond Harbour,2520.0
0.9,8.0,Diamond Harbour,2520.0
0.22,4.0,Doperia Village,1440.0
0.22,4.0,Doperia Village,1440.0
0.9,6.0,Dum Dum,2180.0
0.9,6.0,Dum Dum,2180.0
1.2,4.0,Dum Dum,1800.0
1.2,4.0,Dum Dum,1800.0
1.65,5.0,Dum Dum,2000.0
1.65,5.0,Dum Dum,2000.0
0.9,4.0,Dum Dum,1800.0
0.9,4.0,Dum Dum,1800.0
1.6,6.0,Dum Dum,4000.0
1.6,6.0,Dum Dum,4000.0
1.6,6.0,Dum Dum,4000.0
1.6,6.0,Dum Dum,4000.0
0.6,5.0,Dum Dum,1500.0
0.6,5.0,Dum Dum,1500.0
0.38,6.0,Dum Dum,3500.0
0.38,6.0,Dum Dum,3500.0
2.1,4.0,Dum Dum,4000.0
2.1,4.0,Dum Dum,4000.0
0.72,5.0,Dum Dum,1800.0
0.75,3.0,Dum Dum,1400.0
0.72,5.0,Dum Dum,1800.0
0.75,3.0,Dum Dum,1400.0
0.9,3.0,Dum Dum,1500.0
0.7,5.0,Dum Dum,1800.0
0.7,5.0,Dum Dum,1800.0
1.25,8.0,Dum Dum,3000.0
1.25,8.0,Dum Dum,3000.0
1.0,10.0,Dum Dum Cantonment,5200.0
1.0,10.0,Dum Dum Cantonment,5200.0
1.0,6.0,Dum Dum Cantonment,1600.0
1.0,6.0,Dum Dum Cantonment,1600.0
1.0,6.0,Dum Dum Cantonment,1600.0
1.0,6.0,Dum Dum Cantonment,1600.0
0.6,2.0,Dum Dum Cantonment,2160.0
0.6,2.0,Dum Dum Cantonment,2160.0
0.6,1.0,Dum Dum Cantonment,1400.0
0.6,1.0,Dum Dum Cantonment,1400.0
0.7,3.0,Dum Dum Cantonment,1300.0
0.7,3.0,Dum Dum Cantonment,1300.0
0.45,2.0,Dum Dum Cantonment,780.0
0.45,2.0,Dum Dum Cantonment,780.0
0.25,2.0,Dum Dum Cantonment,1050.0
0.3,2.0,Dunlop,900.0
0.3,2.0,Dunlop,900.0
0.05,2.0,Dunlop,900.0
0.05,2.0,Dunlop,900.0
1.2,7.0,Dunlop,2300.0
1.2,7.0,Dunlop,2300.0
0.58,3.0,Dunlop,2100.0
0.58,3.0,Dunlop,2100.0
0.9,2.0,Dunlop,850.0
0.9,2.0,Dunlop,850.0
1.0,3.0,Dunlop,1000.0
1.0,3.0,Dunlop,1000.0
0.9,2.0,Dunlop,850.0
0.35,3.0,Duttapukur,4480.0
0.35,3.0,Duttapukur,4480.0
0.95,6.0,Duttapukur,3000.0
0.95,6.0,Duttapukur,3000.0
0.95,6.0,Duttapukur,3000.0
1.1,4.0,Duttapukur,5652.0
1.1,4.0,Duttapukur,5652.0
1.1,4.0,Duttapukur,5652.0
0.35,4.0,Duttapukur,1800.0
0.35,4.0,Duttapukur,1800.0
0.65,6.0,East Kolkata Township,2200.0
0.65,6.0,East Kolkata Township,2200.0
0.8,6.0,East Kolkata Township,2835.0
0.8,6.0,East Kolkata Township,2835.0
2.5,8.0,East Kolkata Township,5000.0
2.5,8.0,East Kolkata Township,5000.0
0.65,8.0,East Kolkata Township,2800.0
0.65,5.0,East Kolkata Township,2345.0
0.65,8.0,East Kolkata Township,2800.0
0.65,5.0,East Kolkata Township,2345.0
2.0,3.0,East Kolkata Township,4000.0
2.0,3.0,East Kolkata Township,4000.0
0.55,2.0,East Kolkata Township,852.0
0.55,2.0,East Kolkata Township,852.0
1.3,8.0,East Kolkata Township,4400.0
1.3,8.0,East Kolkata Township,4400.0
0.95,4.0,East Kolkata Township,1700.0
0.95,4.0,East Kolkata Township,1700.0
36.0,6.0,Elgin,10000.0
36.0,6.0,Elgin,10000.0
35.0,10.0,Elgin,10000.0
35.0,10.0,Elgin,10000.0
0.38,2.0,Entally,875.0
0.38,2.0,Entally,875.0
1.1,3.0,Entally,1800.0
1.1,3.0,Entally,1800.0
0.12,2.0,Entally,560.0
0.12,2.0,Entally,560.0
3.05,8.0,Entally,2600.0
3.5,9.0,Entally,2600.0
3.05,8.0,Entally,2600.0
3.5,9.0,Entally,2600.0
0.4,2.0,Fatepur,728.0
0.4,2.0,Fatepur,728.0
0.85,3.0,Ganguly Bagan,1800.0
0.95,4.0,Ganguly Bagan,1450.0
0.85,3.0,Ganguly Bagan,1800.0
0.95,4.0,Ganguly Bagan,1450.0
1.8,10.0,Ganguly Bagan,4500.0
1.8,10.0,Ganguly Bagan,4500.0
1.15,6.0,Ganguly Bagan,3000.0
1.15,6.0,Ganguly Bagan,3000.0
1.15,4.0,Ganguly Bagan,2500.0
1.15,4.0,Ganguly Bagan,2500.0
0.54,4.0,Ganguly Bagan,1850.0
0.54,4.0,Ganguly Bagan,1850.0
0.165,1.0,Ganguly Bagan,500.0
0.165,1.0,Ganguly Bagan,500.0
0.98,4.0,Ganguly Bagan,3000.0
0.98,4.0,Ganguly Bagan,3000.0
0.92,3.0,Ganguly Bagan,2210.0
0.92,3.0,Ganguly Bagan,2210.0
0.95,5.0,Ganguly Bagan,2400.0
0.95,5.0,Ganguly Bagan,2400.0
1.3,6.0,Ganguly Bagan,4000.0
1.3,6.0,Ganguly Bagan,4000.0
0.6,4.0,Ganguly Bagan,1440.0
0.6,4.0,Ganguly Bagan,1440.0
0.125,1.0,Garden Reach,6098.0
0.125,1.0,Garden Reach,6098.0
0.3,2.0,Garden Reach,1000.0
0.3,2.0,Garden Reach,1000.0
0.65,4.0,Garden Reach,2000.0
0.65,4.0,Garden Reach,2000.0
1.5,10.0,Garden Reach,3600.0
0.26,1.0,Garden Reach,600.0
0.26,1.0,Garden Reach,600.0
0.6,1.0,Garden Reach,700.0
0.6,1.0,Garden Reach,700.0
1.4,5.0,Garfa,2400.0
1.4,5.0,Garfa,2400.0
0.45,4.0,Garfa,1100.0
0.45,4.0,Garfa,1100.0
0.55,2.0,Garfa,550.0
0.45,4.0,Garfa,1100.0
0.45,4.0,Garfa,1100.0
0.55,2.0,Garfa,550.0
0.6,3.0,Garfa,1860.0
0.6,3.0,Garfa,1860.0
1.6,6.0,Garfa,3000.0
1.6,6.0,Garfa,3000.0
1.2,5.0,Garfa,4500.0
1.2,5.0,Garfa,4500.0
2.7,4.0,Garfa,2500.0
2.7,4.0,Garfa,2500.0
2.0,9.0,Garfa,4320.0
2.0,9.0,Garfa,4320.0
4.3,4.0,Garfa,3750.0
4.3,4.0,Garfa,3750.0
1.9,8.0,Garia,4500.0
1.9,8.0,Garia,4500.0
0.85,4.0,Garia,2000.0
0.5,6.0,Garia,2300.0
0.5,6.0,Garia,2300.0
0.95,5.0,Garia,1500.0
0.95,5.0,Garia,1500.0
1.26,6.0,Garia,3300.0
0.9,6.0,Garia,2525.0
0.7,5.0,Garia,2200.0
1.26,6.0,Garia,3300.0
0.9,6.0,Garia,2525.0
0.7,5.0,Garia,2200.0
1.25,4.0,Garia,2000.0
1.8,5.0,Garia,3000.0
0.68,3.0,Garia,1200.0
1.25,4.0,Garia,2000.0
1.8,5.0,Garia,3000.0
0.68,3.0,Garia,1200.0
1.65,4.0,Garia,3000.0
0.5,4.0,Garia,1500.0
1.65,4.0,Garia,3000.0
0.5,4.0,Garia,1500.0
0.65,4.0,Garia,1800.0
0.9,6.0,Garia,3000.0
0.45,2.0,Garia,900.0
0.65,4.0,Garia,1800.0
0.9,6.0,Garia,3000.0
0.45,2.0,Garia,900.0
2.15,6.0,Garia,3800.0
0.85,6.0,Garia,2000.0
2.15,6.0,Garia,3800.0
0.85,6.0,Garia,2000.0
0.57,4.0,Garia,1600.0
0.9,5.0,Garia,2400.0
1.7,8.0,Garia,3000.0
0.57,4.0,Garia,1600.0
0.9,5.0,Garia,2400.0
1.7,8.0,Garia,3000.0
0.85,4.0,Garia,2800.0
0.85,4.0,Garia,2800.0
0.45,4.0,Garia,1200.0
0.45,4.0,Garia,1100.0
0.45,4.0,Garia,1200.0
0.45,4.0,Garia,1100.0
1.75,5.0,Garia,4000.0
1.75,5.0,Garia,4000.0
0.65,3.0,Garia,1000.0
0.48,3.0,Garia,861.0
0.5,3.0,Garia,1000.0
0.65,3.0,Garia,1000.0
0.48,3.0,Garia,861.0
0.5,3.0,Garia,1000.0
0.9,5.0,Garia,2200.0
0.85,4.0,Garia,3000.0
0.35,2.0,Garia,700.0
0.85,4.0,Garia,3000.0
0.35,2.0,Garia,700.0
1.1,4.0,Garia,2000.0
1.6,9.0,Garia,3500.0
0.7,4.0,Garia,1500.0
1.1,4.0,Garia,2000.0
1.6,9.0,Garia,3500.0
0.7,4.0,Garia,1500.0
0.9,4.0,Garia,2000.0
0.65,4.0,Garia,1500.0
0.9,4.0,Garia,2000.0
0.65,4.0,Garia,1500.0
1.1,5.0,Garia,2500.0
0.8,5.0,Garia,2100.0
1.1,5.0,Garia,2500.0
0.8,5.0,Garia,2100.0
1.15,6.0,Garia,2200.0
1.2,5.0,Garia,2100.0
1.4,6.0,Garia,3200.0
1.15,6.0,Garia,2200.0
1.2,5.0,Garia,2100.0
1.4,6.0,Garia,3200.0
1.15,6.0,Garia,2200.0
1.5,5.0,Garia,2000.0
0.38,3.0,Garia,1200.0
0.5,3.0,Garia,1550.0
1.6,9.0,Garia,6000.0
1.5,5.0,Garia,2000.0
0.38,3.0,Garia,1200.0
0.5,3.0,Garia,1550.0
1.6,9.0,Garia,6000.0
1.65,4.0,Garia,1875.0
1.65,4.0,Garia,1875.0
1.0,4.0,Garia,1600.0
1.0,4.0,Garia,1600.0
1.5,10.0,Garia,4000.0
1.5,10.0,Garia,4000.0
0.5,1.0,Garia,1100.0
0.5,1.0,Garia,1100.0
1.25,7.0,Garia,5500.0
1.25,7.0,Garia,5500.0
0.7,2.0,Garia,850.0
0.7,2.0,Garia,850.0
0.34,3.0,Garia,1250.0
0.34,3.0,Garia,1250.0
0.58,5.0,Garia,1440.0
0.58,5.0,Garia,1440.0
0.36,2.0,Garia,1400.0
1.0,6.0,Garia,2800.0
1.3,6.0,Garia,3600.0
1.0,6.0,Garia,3000.0
1.0,6.0,Garia,3600.0
0.36,2.0,Garia,1400.0
1.0,6.0,Garia,2800.0
1.3,6.0,Garia,3600.0
1.0,6.0,Garia,3000.0
1.0,6.0,Garia,3600.0
0.91,10.0,Garia,3000.0
0.9,6.0,Garia,2000.0
0.91,10.0,Garia,3000.0
0.9,6.0,Garia,2000.0
1.3,6.0,Garia,3500.0
1.3,6.0,Garia,3500.0
0.91,10.0,Garia,3000.0
0.6,2.0,Garia,1750.0
0.6,2.0,Garia,1750.0
6.25,6.0,Gariahat,6068.0
6.25,6.0,Gariahat,6068.0
13.0,10.0,Gariahat,12000.0
11.5,10.0,Gariahat,11500.0
11.5,10.0,Gariahat,11500.0
3.0,9.0,Gariahat,4200.0
3.0,9.0,Gariahat,4200.0
5.99,8.0,Gariahat,3312.0
5.99,8.0,Gariahat,3312.0
7.0,8.0,Gariahat,4320.0
7.0,8.0,Gariahat,4320.0
12.5,5.0,Gariahat,11500.0
12.5,5.0,Gariahat,11500.0
14.0,10.0,Gariahat,13332.0
14.0,10.0,Gariahat,13332.0
11.5,8.0,Gariahat,8500.0
11.5,8.0,Gariahat,8500.0
4.0,6.0,Gariahat,2500.0
4.0,6.0,Gariahat,2500.0
6.0,10.0,Gariahat,9000.0
6.0,10.0,Gariahat,9000.0
2.2,3.0,Gariahat,1650.0
2.2,3.0,Gariahat,1650.0
5.5,5.0,Gariahat,6200.0
5.5,8.0,Gariahat,6538.0
5.5,5.0,Gariahat,6200.0
5.5,8.0,Gariahat,6538.0
5.5,5.0,Gariahat,6000.0
5.5,5.0,Gariahat,6000.0
2.0,4.0,Gariahat,1100.0
2.0,4.0,Gariahat,1100.0
5.0,9.0,Gariahat,7000.0
5.0,9.0,Gariahat,7000.0
5.5,5.0,Gariahat,5500.0
5.5,5.0,Gariahat,5500.0
0.65,2.0,Gariahat,800.0
0.65,2.0,Gariahat,800.0
2.0,10.0,Garulia,9000.0
2.0,10.0,Garulia,9000.0
0.6,2.0,Garulia,2000.0
0.6,3.0,Garulia,1440.0
0.6,3.0,Garulia,1440.0
0.28,2.0,Gobra,715.0
0.28,2.0,Gobra,675.0
0.28,2.0,Gobra,715.0
0.28,2.0,Gobra,675.0
2.5,4.0,Gobra,1000.0
2.5,4.0,Gobra,1000.0
1.0,6.0,Golf Green,2000.0
1.0,6.0,Golf Green,2000.0
5.5,6.0,Golf Green,6000.0
5.5,6.0,Golf Green,6000.0
0.6,7.0,Habra,1917.0
0.6,7.0,Habra,1917.0
2.0,2.0,Habra,2880.0
2.0,2.0,Habra,2880.0
0.85,4.0,Habra,5760.0
0.85,4.0,Habra,5760.0
4.1,3.0,Habra,2700.0
4.1,3.0,Habra,2700.0
0.4,2.0,Habra,2000.0
0.4,2.0,Habra,2000.0
2.0,3.0,Habra,2800.0
2.0,3.0,Habra,2800.0
0.32,7.0,Habra,3240.0
0.32,7.0,Habra,3240.0
0.75,10.0,Habra,3000.0
0.75,10.0,Habra,3000.0
0.56,3.0,Habra,1000.0
0.56,3.0,Habra,1000.0
0.56,3.0,Habra,1000.0
0.56,3.0,Habra,1000.0
0.6,2.0,Habra,760.0
0.6,2.0,Habra,760.0
0.261,1.0,Habra,1124.0
0.261,1.0,Habra,1124.0
0.4,5.0,Habra,1500.0
0.4,5.0,Habra,1500.0
0.21,2.0,Habra,1500.0
0.21,2.0,Habra,1500.0
0.4,2.0,Habra,1096.0
0.29,2.0,Halisahar,900.0
0.32,2.0,Halisahar,878.0
0.29,2.0,Halisahar,900.0
0.32,2.0,Halisahar,878.0
0.42,4.0,Halisahar,1000.0
0.42,4.0,Halisahar,1000.0
0.22,3.0,Halisahar,1400.0
0.22,2.0,Halisahar,900.0
0.19,2.0,Halisahar,1080.0
0.22,2.0,Halisahar,900.0
0.19,2.0,Halisahar,1080.0
0.36,2.0,Halisahar,1300.0
0.36,2.0,Halisahar,1300.0
0.4,4.0,Halisahar,3200.0
0.4,4.0,Halisahar,3200.0
0.62,4.0,Halisahar,4330.0
0.4,4.0,Halisahar,1440.0
0.62,4.0,Halisahar,4330.0
0.4,4.0,Halisahar,1440.0
0.17,2.0,Haltu,720.0
0.17,2.0,Haltu,720.0
2.0,4.0,Haltu,2500.0
2.0,4.0,Haltu,2500.0
0.7,4.0,Haltu,1900.0
0.7,4.0,Haltu,1900.0
1.2,6.0,Haltu,2200.0
1.2,6.0,Haltu,2200.0
1.2,6.0,Haltu,2200.0
1.6,4.0,Haltu,1680.0
1.6,4.0,Haltu,1680.0
0.9,7.0,Haltu,3000.0
0.9,7.0,Haltu,3000.0
0.9,7.0,Haltu,3000.0
3.5,10.0,Haltu,3500.0
3.5,10.0,Haltu,3500.0
1.9,9.0,Haltu,4500.0
1.9,9.0,Haltu,4500.0
1.5,4.0,Haltu,3000.0
1.5,4.0,Haltu,3000.0
3.5,7.0,Haltu,3400.0
3.5,7.0,Haltu,3400.0
1.9,9.0,Haltu,4500.0
1.8,6.0,Haltu,3720.0
1.8,6.0,Haltu,3720.0
1.5,4.0,Haltu,2500.0
1.5,4.0,Haltu,2500.0
1.35,5.0,Haltu,2200.0
1.35,5.0,Haltu,2200.0
1.2,6.0,Haltu,2000.0
1.2,6.0,Haltu,2000.0
1.2,6.0,Haltu,2000.0
1.2,6.0,Haltu,2000.0
0.8,5.0,Haltu,2200.0
0.8,5.0,Haltu,2200.0
0.3275,2.0,Haltu,760.0
0.3275,2.0,Haltu,760.0
1.2,5.0,Haltu,6350.0
1.2,5.0,Haltu,6350.0
2.0,6.0,Haltu,4800.0
2.0,6.0,Haltu,4800.0
2.0,6.0,Haltu,4800.0
3.75,8.0,Haltu,5500.0
0.85,6.0,Haltu,2115.0
0.85,6.0,Haltu,2115.0
0.6,4.0,Hanspukuria,2700.0
0.6,4.0,Hanspukuria,2700.0
0.45,3.0,Hanspukuria,1390.0
0.45,3.0,Hanspukuria,1390.0
0.145,2.0,Hridaypur,600.0
0.145,2.0,Hridaypur,600.0
1.6,4.0,Hridaypur,6098.0
1.6,4.0,Hridaypur,6098.0
0.45,3.0,Hridaypur,1300.0
0.45,3.0,Hridaypur,1300.0
0.42,4.0,Hridaypur,1250.0
0.42,4.0,Hridaypur,1250.0
2.15,9.0,Hussainpur,4000.0
2.15,9.0,Hussainpur,4000.0
2.5,2.0,Hussainpur,3000.0
2.5,2.0,Hussainpur,3000.0
1.95,6.0,Hussainpur,2200.0
2.5,4.0,Hussainpur,1100.0
1.95,6.0,Hussainpur,2200.0
2.5,4.0,Hussainpur,1100.0
0.65,3.0,Hussainpur,2952.0
0.65,3.0,Hussainpur,2952.0
0.33,2.0,Ichapur,1180.0
0.33,2.0,Ichapur,1180.0
0.68,6.0,Ichapur,1758.0
0.68,6.0,Ichapur,1758.0
0.65,6.0,Ichapur,1600.0
0.65,6.0,Ichapur,1600.0
1.0,5.0,Ichapur,2510.0
1.0,5.0,Ichapur,2510.0
1.0,6.0,Ichapur,2507.0
1.0,6.0,Ichapur,2507.0
0.8,5.0,Ichapur,2000.0
0.8,5.0,Ichapur,2000.0
0.35,3.0,Ichapur,1000.0
0.35,3.0,Ichapur,1000.0
0.4,3.0,Ichapur,857.0
0.4,3.0,Ichapur,857.0
0.4,3.0,Ichapur,1600.0
0.4,3.0,Ichapur,1600.0
0.7,3.0,Ichapur,1700.0
1.0,3.0,Ichapur,2500.0
0.7,3.0,Ichapur,1700.0
1.0,3.0,Ichapur,2500.0
0.8,3.0,Ichapur,1700.0
0.8,3.0,Ichapur,1700.0
0.25,2.0,Ichapur,1440.0
0.25,2.0,Ichapur,1440.0
0.6,1.0,Jadavpur,953.0
0.6,1.0,Jadavpur,953.0
0.62,3.0,Jadavpur,1500.0
0.62,3.0,Jadavpur,1500.0
1.0,4.0,Jadavpur,1500.0
1.0,4.0,Jadavpur,1500.0
0.6,3.0,Jadavpur,1800.0
0.6,3.0,Jadavpur,1800.0
1.4,9.0,Jadavpur,4200.0
1.4,9.0,Jadavpur,4200.0
1.5,6.0,Jadavpur,2400.0
1.5,6.0,Jadavpur,2400.0
0.3,5.0,Jadavpur,2088.0
0.3,5.0,Jadavpur,2088.0
3.0,8.0,Jadavpur,5000.0
3.0,5.0,Jadavpur,5000.0
3.0,8.0,Jadavpur,5000.0
3.0,5.0,Jadavpur,5000.0
0.78,4.0,Jagatipota,4320.0
0.78,4.0,Jagatipota,4320.0
1.4,6.0,Jagatipota,3000.0
1.4,6.0,Jagatipota,3000.0
5.25,9.0,Jodhpur Park,4000.0
3.0,6.0,Jodhpur Park,4500.0
3.0,6.0,Jodhpur Park,4500.0
5.5,6.0,Jodhpur Park,3000.0
5.5,6.0,Jodhpur Park,3000.0
0.07,3.0,Jodhpur Park,800.0
0.07,3.0,Jodhpur Park,800.0
0.48,4.0,Joka,1650.0
0.31989999999999996,3.0,Joka,1400.0
0.48,4.0,Joka,1650.0
0.31989999999999996,3.0,Joka,1400.0
0.37549999999999994,3.0,Joka,1280.0
0.37549999999999994,3.0,Joka,1280.0
0.47369999999999995,3.0,Joka,1345.0
0.47369999999999995,3.0,Joka,1345.0
1.25,5.0,Joka,2500.0
1.25,5.0,Joka,2500.0
1.3,5.0,Joka,6600.0
0.55,5.0,Joka,1620.0
1.3,5.0,Joka,6600.0
0.55,5.0,Joka,1620.0
0.27,3.0,Joka,1100.0
0.27,3.0,Joka,1100.0
0.28,2.0,Joka,650.0
0.34,3.0,Joka,887.0
0.28,2.0,Joka,650.0
0.34,3.0,Joka,887.0
0.295,3.0,Joka,1100.0
0.37,3.0,Joka,1350.0
0.295,3.0,Joka,1100.0
0.37,3.0,Joka,1350.0
0.19,2.0,Joka,800.0
0.19,2.0,Joka,800.0
0.35009999999999997,3.0,Joka,1335.0
0.46799999999999997,3.0,Joka,1352.0
0.35100000000000003,3.0,Joka,1135.0
0.34,4.0,Joka,1490.0
0.2415,2.0,Joka,900.0
0.16760000000000003,2.0,Joka,745.0
0.35009999999999997,3.0,Joka,1335.0
0.46799999999999997,3.0,Joka,1352.0
0.35100000000000003,3.0,Joka,1135.0
0.34,4.0,Joka,1490.0
0.2415,2.0,Joka,900.0
0.16760000000000003,2.0,Joka,745.0
0.85,3.0,Joka,1800.0
0.85,3.0,Joka,1800.0
0.32,3.0,Joka,1440.0
0.32,3.0,Joka,1440.0
0.45,5.0,Joka,2100.0
0.45,5.0,Joka,2100.0
0.32049999999999995,3.0,Joka,1408.0
0.32049999999999995,3.0,Joka,1408.0
0.161,1.0,Joka,450.0
0.32049999999999995,3.0,Joka,1408.0
0.161,1.0,Joka,450.0
0.2,2.0,Joka,740.0
0.2,2.0,Joka,740.0
0.3,3.0,Joka,1440.0
0.3,3.0,Joka,1440.0
0.44,2.0,Joka,900.0
0.44,2.0,Joka,900.0
0.38,3.0,Joka,1335.0
0.38,3.0,Joka,1335.0
0.85,1.0,Joka,1800.0
0.85,1.0,Joka,1800.0
1.9,4.0,Joka,5395.0
1.9,4.0,Joka,5395.0
1.7,10.0,Joka,11500.0
1.7,10.0,Joka,11500.0
0.52,5.0,Joka,1800.0
0.52,5.0,Joka,1800.0
0.38,3.0,Joka,1335.0
0.38,3.0,Joka,1335.0
1.5,5.0,Jorabagan,2200.0
1.5,5.0,Jorabagan,2200.0
2.6,9.0,Jorabagan,6000.0
2.6,9.0,Jorabagan,6000.0
8.0,3.0,Jorabagan,5000.0
8.0,3.0,Jorabagan,5000.0
12.0,10.0,Jorasanko,7300.0
12.0,10.0,Jorasanko,7300.0
3.0,7.0,Jorasanko,3904.0
3.0,7.0,Jorasanko,3904.0
1.5,10.0,Jorasanko,4500.0
1.5,10.0,Jorasanko,4500.0
1.2,5.0,Jugberia,2500.0
1.2,5.0,Jugberia,2500.0
0.65,2.0,Kabardanga,2142.0
0.65,2.0,Kabardanga,2142.0
0.6,3.0,Kabardanga,2160.0
0.6,3.0,Kabardanga,2160.0
0.3,2.0,Kabardanga,1400.0
0.3,2.0,Kabardanga,1400.0
0.7,2.0,Kabardanga,2385.0
0.7,2.0,Kabardanga,2385.0
0.65,2.0,Kabardanga,2385.0
0.65,2.0,Kabardanga,2385.0
0.95,6.0,Kaikhali,2000.0
0.95,6.0,Kaikhali,2000.0
1.65,4.0,Kaikhali,3270.0
1.65,4.0,Kaikhali,3270.0
0.6,6.0,Kaikhali,2000.0
0.6,6.0,Kaikhali,2000.0
0.6,4.0,Kaikhali,2100.0
0.6,4.0,Kaikhali,2100.0
3.5,10.0,Kaikhali,13000.0
3.5,10.0,Kaikhali,13000.0
0.5,3.0,Kaikhali,1800.0
0.52,3.0,Kaikhali,1800.0
0.6,4.0,Kaikhali,1883.0
0.5,3.0,Kaikhali,1800.0
0.52,3.0,Kaikhali,1800.0
0.6,4.0,Kaikhali,1883.0
0.35,2.0,Kaikhali,841.0
0.35,2.0,Kaikhali,841.0
0.4,4.0,Kaikhali,2200.0
0.4,4.0,Kaikhali,2200.0
0.8,3.0,Kaikhali,2160.0
0.8,3.0,Kaikhali,2160.0
3.0,10.0,Kaikhali,5500.0
3.0,10.0,Kaikhali,5500.0
0.82,4.0,Kalagachhia,1400.0
0.82,4.0,Kalagachhia,1400.0
0.42,3.0,Kalagachhia,1080.0
0.42,2.0,Kalagachhia,1080.0
0.42,3.0,Kalagachhia,1080.0
0.42,2.0,Kalagachhia,1080.0
0.42,3.0,Kalagachhia,1080.0
0.42,3.0,Kalagachhia,1080.0
0.9,4.0,Kalagachhia,1400.0
0.9,4.0,Kalagachhia,1400.0
0.35,2.0,Kalagachhia,1080.0
0.35,2.0,Kalagachhia,1080.0
0.35,2.0,Kalagachhia,1080.0
3.75,10.0,Kalighat,3700.0
4.0,5.0,Kalighat,4000.0
3.75,10.0,Kalighat,3700.0
4.0,5.0,Kalighat,4000.0
6.5,9.0,Kalighat,6000.0
6.5,9.0,Kalighat,6000.0
1.15,7.0,Kalighat,3000.0
1.15,7.0,Kalighat,3000.0
1.25,3.0,Kalighat,2345.0
4.5,10.0,Kalighat,5500.0
5.5,8.0,Kalighat,4500.0
5.2,5.0,Kalighat,5000.0
1.25,3.0,Kalighat,2345.0
4.5,10.0,Kalighat,5500.0
5.5,8.0,Kalighat,4500.0
5.2,5.0,Kalighat,5000.0
10.0,10.0,Kalighat,8200.0
10.0,10.0,Kalighat,8200.0
2.0,6.0,Kalighat,2200.0
2.0,6.0,Kalighat,2200.0
5.0,10.0,Kalighat,6000.0
1.6,6.0,Kalighat,2200.0
5.0,10.0,Kalighat,6000.0
1.6,6.0,Kalighat,2200.0
3.75,10.0,Kalighat,3710.0
3.75,10.0,Kalighat,3710.0
3.5,9.0,Kalighat,4075.0
3.5,9.0,Kalighat,4075.0
5.0,6.0,Kalighat,4000.0
6.0,10.0,Kalighat,8000.0
3.0,10.0,Kalighat,3000.0
5.0,6.0,Kalighat,4000.0
6.0,10.0,Kalighat,8000.0
3.0,10.0,Kalighat,3000.0
7.0,7.0,Kalighat,6500.0
8.0,7.0,Kalighat,5500.0
12.0,4.0,Kalighat,7000.0
9.2,10.0,Kalighat,8500.0
18.0,9.0,Kalighat,12000.0
13.0,8.0,Kalighat,7000.0
10.5,8.0,Kalighat,8000.0
7.0,7.0,Kalighat,6500.0
8.0,7.0,Kalighat,5500.0
12.0,4.0,Kalighat,7000.0
9.2,10.0,Kalighat,8500.0
18.0,9.0,Kalighat,12000.0
13.0,8.0,Kalighat,7000.0
10.5,8.0,Kalighat,8000.0
10.0,10.0,Kalighat,10600.0
7.5,9.0,Kalighat,6000.0
10.0,10.0,Kalighat,10600.0
7.5,9.0,Kalighat,6000.0
2.0,8.0,Kalighat,2188.0
1.0,4.0,Kalighat,1600.0
2.0,8.0,Kalighat,2188.0
1.0,4.0,Kalighat,1600.0
6.0,7.0,Kalighat,6485.0
6.0,7.0,Kalighat,6485.0
9.0,10.0,Kalighat,8000.0
9.0,10.0,Kalighat,8000.0
3.1,9.0,Kalighat,4000.0
3.1,9.0,Kalighat,4000.0
2.0,3.0,Kalighat,2200.0
2.0,3.0,Kalighat,2200.0
1.12,4.0,Kalighat,1600.0
1.12,4.0,Kalighat,1600.0
3.1,9.0,Kalighat,4000.0
3.1,9.0,Kalighat,4000.0
1.7,5.0,Kalighat,4000.0
1.7,5.0,Kalighat,4000.0
1.7,5.0,Kalighat,4000.0
2.0,10.0,Kalighat,4000.0
2.0,10.0,Kalighat,4000.0
0.27,2.0,Kalighat,550.0
0.27,2.0,Kalighat,550.0
1.25,4.0,Kalighat,1850.0
1.25,4.0,Kalighat,1850.0
3.7,9.0,Kalighat,4400.0
3.7,9.0,Kalighat,4400.0
3.1,8.0,Kalighat,6000.0
3.75,7.0,Kalighat,4400.0
3.75,7.0,Kalighat,4400.0
3.75,7.0,Kalighat,4400.0
1.25,4.0,Kalighat,1439.0
1.25,4.0,Kalighat,1439.0
3.0,7.0,Kalighat,3500.0
1.6,9.0,Kalighat,3800.0
3.0,7.0,Kalighat,3500.0
1.6,9.0,Kalighat,3800.0
1.35,6.0,Kalikapur,2800.0
0.345,2.0,Kalikapur,850.0
0.345,2.0,Kalikapur,850.0
1.72,4.0,Kalikapur,2500.0
1.72,4.0,Kalikapur,2500.0
2.5,5.0,Kalikapur,2500.0
2.5,5.0,Kalikapur,2500.0
2.2,7.0,Kalikapur,4350.0
2.2,7.0,Kalikapur,4350.0
2.2,7.0,Kalikapur,4350.0
2.85,10.0,Kalikapur,5000.0
2.85,10.0,Kalikapur,5000.0
3.0,10.0,Kalikapur,5400.0
3.0,10.0,Kalikapur,5400.0
1.89,9.0,Kalikapur,4000.0
1.89,9.0,Kalikapur,4000.0
0.5,2.0,Kalikapur,900.0
0.5,2.0,Kalikapur,900.0
1.36,9.0,Kalikapur,7200.0
1.36,9.0,Kalikapur,7200.0
2.8,5.0,Kalikapur,2500.0
2.8,5.0,Kalikapur,2500.0
2.8,5.0,Kalikapur,2500.0
2.0,9.0,Kalikapur,4350.0
2.0,9.0,Kalikapur,4350.0
2.0,9.0,Kalikapur,4350.0
0.5,2.0,Kalyan Nagar,1460.0
0.5,2.0,Kalyan Nagar,1460.0
1.5,4.0,Kalyani,3500.0
1.5,4.0,Kalyani,3500.0
1.1,4.0,Kalyani,5700.0
1.1,4.0,Kalyani,5700.0
0.27,2.0,Kalyani,1000.0
0.65,3.0,Kalyani,1200.0
0.27,2.0,Kalyani,1000.0
0.65,3.0,Kalyani,1200.0
0.6,2.0,Kalyani,2000.0
0.6,2.0,Kalyani,2000.0
0.2,1.0,Kalyani,270.0
0.2,1.0,Kalyani,270.0
1.5,3.0,Kalyani,2000.0
0.95,6.0,Kamalgazi,2400.0
0.95,6.0,Kamalgazi,2400.0
1.5,5.0,Kamalgazi,9500.0
1.5,5.0,Kamalgazi,9500.0
1.1,4.0,Kamalgazi,2900.0
1.2,4.0,Kamalgazi,3118.0
1.1,4.0,Kamalgazi,2900.0
1.2,4.0,Kamalgazi,3118.0
1.7,8.0,Kamardanga,2200.0
1.7,8.0,Kamardanga,2200.0
1.7,7.0,Kamardanga,4000.0
1.7,7.0,Kamardanga,4000.0
0.47,2.0,Kamardanga,1125.0
0.47,2.0,Kamardanga,1200.0
0.47,2.0,Kamardanga,1125.0
0.47,2.0,Kamardanga,1200.0
0.55,3.0,Kamdahari,1800.0
0.55,3.0,Kamdahari,1800.0
0.77,2.0,Kamdahari,1200.0
0.77,2.0,Kamdahari,1200.0
0.6,3.0,Kamdahari,1800.0
0.6,3.0,Kamdahari,1800.0
0.85,3.0,Kamdahari,1600.0
0.85,3.0,Kamdahari,1600.0
0.85,4.0,Kamdahari,1200.0
0.85,4.0,Kamdahari,1200.0
1.3,5.0,Kamdahari,2700.0
1.3,5.0,Kamdahari,2700.0
1.3,5.0,Kamdahari,2200.0
1.3,5.0,Kamdahari,2200.0
1.3,5.0,Kamdahari,2700.0
1.3,5.0,Kamdahari,2700.0
0.96,10.0,Kamdahari,3600.0
0.96,10.0,Kamdahari,3600.0
1.5,5.0,Kanchrapara Loco,2200.0
1.5,5.0,Kanchrapara Loco,2400.0
1.5,5.0,Kanchrapara Loco,2200.0
1.5,5.0,Kanchrapara Loco,2400.0
0.35,3.0,Kanchrapara Loco,995.0
0.35,3.0,Kanchrapara Loco,995.0
0.5,2.0,Kanchrapara Loco,1046.0
0.5,2.0,Kanchrapara Loco,1046.0
0.5,4.0,Kanchrapara Loco,2159.0
1.3,6.0,Kasba,5000.0
1.3,6.0,Kasba,5000.0
0.68,4.0,Kasba,1800.0
0.68,4.0,Kasba,1800.0
2.2,5.0,Kasba,5200.0
2.2,5.0,Kasba,5200.0
1.05,3.0,Kasba,1300.0
1.05,3.0,Kasba,1300.0
1.4,4.0,Kasba,1600.0
1.7,5.0,Kasba,2040.0
1.4,4.0,Kasba,1600.0
1.7,5.0,Kasba,2040.0
2.2,9.0,Kasba,2400.0
2.2,9.0,Kasba,2400.0
0.7,2.0,Kasba,1201.0
0.7,2.0,Kasba,1201.0
0.95,5.0,Kasba,2100.0
0.95,5.0,Kasba,2100.0
1.05,5.0,Kasba,4400.0
1.05,5.0,Kasba,4400.0
1.05,3.0,Kasba,3900.0
2.2,4.0,Kasba,2600.0
1.05,3.0,Kasba,3900.0
2.2,4.0,Kasba,2600.0
1.3,5.0,Kasba,2500.0
1.3,5.0,Kasba,2500.0
0.75,2.0,Kasba,1000.0
0.75,2.0,Kasba,1440.0
0.75,2.0,Kasba,1000.0
0.75,2.0,Kasba,1440.0
1.1,6.0,Kasba,2100.0
1.1,6.0,Kasba,2100.0
1.3,4.0,Kasba,2000.0
1.3,4.0,Kasba,2000.0
3.0,10.0,Kasba,5000.0
3.0,10.0,Kasba,5000.0
1.0,4.0,Kasba,1800.0
1.0,4.0,Kasba,1800.0
0.0756,2.0,Kasba,900.0
0.0756,2.0,Kasba,900.0
1.0,7.0,Kasba,2400.0
1.0,7.0,Kasba,2400.0
1.8,9.0,Kasba,4500.0
1.8,9.0,Kasba,4500.0
0.18,2.0,Kasba,650.0
0.18,2.0,Kasba,650.0
1.1,2.0,Kasba,1500.0
1.1,2.0,Kasba,1500.0
1.1,3.0,Kasba,1000.0
2.8,6.0,Kasba,3300.0
1.1,3.0,Kasba,1000.0
2.8,6.0,Kasba,3300.0
0.65,5.0,Kasba,1600.0
0.65,5.0,Kasba,1600.0
2.0,4.0,Kasba,1760.0
2.0,4.0,Kasba,1760.0
1.0,3.0,Kasba,2700.0
1.0,3.0,Kasba,2700.0
1.35,9.0,Kashipur,3300.0
1.35,8.0,Kashipur,2100.0
1.35,9.0,Kashipur,3300.0
1.35,8.0,Kashipur,2100.0
0.48,2.0,Kazipara,1125.0
0.48,2.0,Kazipara,1125.0
1.3,6.0,Keshtopur,3000.0
1.0,5.0,Keshtopur,4000.0
1.1,6.0,Keshtopur,3000.0
1.3,8.0,Keshtopur,7000.0
1.3,6.0,Keshtopur,3000.0
1.0,5.0,Keshtopur,4000.0
1.1,6.0,Keshtopur,3000.0
1.3,8.0,Keshtopur,7000.0
0.85,4.0,Keshtopur,1440.0
0.85,4.0,Keshtopur,1440.0
1.5,10.0,Keshtopur,2500.0
1.3,10.0,Keshtopur,2800.0
1.5,10.0,Keshtopur,2500.0
1.3,10.0,Keshtopur,2800.0
4.5,10.0,Keshtopur,10000.0
4.5,10.0,Keshtopur,10000.0
0.48,2.0,Keshtopur,997.0
0.48,2.0,Keshtopur,997.0
0.5,5.0,Keshtopur,1800.0
0.4,4.0,Keshtopur,1800.0
0.5,5.0,Keshtopur,1800.0
0.4,4.0,Keshtopur,1800.0
0.25,2.0,Keshtopur,1500.0
0.25,2.0,Keshtopur,1500.0
0.5,2.0,Keshtopur,1080.0
0.5,2.0,Keshtopur,1080.0
0.35,4.0,Keshtopur,1100.0
0.45,4.0,Keshtopur,1800.0
0.35,4.0,Keshtopur,1100.0
0.45,4.0,Keshtopur,1800.0
1.3,6.0,Keshtopur,3200.0
1.3,6.0,Keshtopur,3200.0
0.45,5.0,Keshtopur,2000.0
0.45,5.0,Keshtopur,2000.0
1.5,9.0,Keshtopur,3000.0
1.5,9.0,Keshtopur,3000.0
0.9,7.0,Khardah,2500.0
0.9,7.0,Khardah,2500.0
0.2018,2.0,Khardah,900.0
0.2018,2.0,Khardah,900.0
1.2,6.0,Khardah,2500.0
1.2,6.0,Khardah,2500.0
0.75,2.0,Khardah,3000.0
0.75,2.0,Khardah,3000.0
0.28,1.0,Khardah,1000.0
0.28,1.0,Khardah,1000.0
0.4,3.0,Khardah,880.0
0.4,3.0,Khardah,880.0
0.27,4.0,Khardah,2722.0
0.27,4.0,Khardah,2722.0
0.85,3.0,Khardah,1200.0
0.85,3.0,Khardah,1200.0
0.55,5.0,Khardah,2200.0
0.55,5.0,Khardah,2200.0
0.5,3.0,Khardah,1400.0
0.5,3.0,Khardah,1400.0
0.6,4.0,Khardah,2000.0
0.6,4.0,Khardah,2000.0
0.5,1.0,Khardah,1500.0
0.5,1.0,Khardah,1500.0
1.3,8.0,Khardah,4311.0
1.3,8.0,Khardah,4311.0
4.0,5.0,Khidirpur,4000.0
1.0,4.0,Khidirpur,1440.0
0.013500000000000002,2.0,Khidirpur,500.0
0.013500000000000002,2.0,Khidirpur,500.0
4.5,10.0,Khidirpur,6480.0
4.5,10.0,Khidirpur,6480.0
3.5,5.0,Khidirpur,5000.0
3.5,5.0,Khidirpur,5000.0
1.3,10.0,Khidirpur,3350.0
1.3,10.0,Khidirpur,3350.0
0.125,2.0,Khidirpur,500.0
0.125,2.0,Khidirpur,500.0
0.3,3.0,Kokapur,1200.0
0.3,3.0,Kokapur,1200.0
0.6,3.0,Kolkata,1552.0
0.6,3.0,Kolkata,1552.0
0.22,2.0,Kolkata,1080.0
0.22,2.0,Kolkata,1080.0
0.6,3.0,Kolkata,750.0
0.6,3.0,Kolkata,750.0
0.75,2.0,Kolkata,1500.0
0.75,2.0,Kolkata,1500.0
0.85,9.0,Kolkata,3300.0
0.85,9.0,Kolkata,3300.0
1.9,5.0,Kolkata,4000.0
1.9,5.0,Kolkata,4000.0
1.7,7.0,Kolkata,4000.0
0.35,2.0,Kolkata,1370.0
1.7,7.0,Kolkata,4000.0
0.35,2.0,Kolkata,1370.0
1.7,7.0,Kolkata,4000.0
2.2,3.0,Kolkata,4400.0
2.2,3.0,Kolkata,4400.0
4.7,7.0,Kolutolla,4200.0
0.99,4.0,Krishnanagar,2400.0
0.99,4.0,Krishnanagar,2400.0
0.2,1.0,Krishnanagar,720.0
0.2,1.0,Krishnanagar,720.0
0.2,1.0,Krishnanagar,720.0
0.2,1.0,Krishnanagar,720.0
0.35,2.0,Kustia,810.0
0.35,2.0,Kustia,810.0
3.3,8.0,Lake Gardens,3600.0
3.3,7.0,Lake Gardens,6000.0
3.3,7.0,Lake Gardens,6000.0
3.6,6.0,Lake Gardens,4800.0
3.6,6.0,Lake Gardens,4800.0
2.8,5.0,Lake Gardens,3000.0
2.5,7.0,Lake Gardens,3000.0
2.8,5.0,Lake Gardens,3000.0
2.5,7.0,Lake Gardens,3000.0
3.5,9.0,Lake Gardens,4200.0
3.5,9.0,Lake Gardens,4200.0
2.1,9.0,Lake Gardens,4200.0
2.1,9.0,Lake Gardens,4200.0
1.0,4.0,Lake Gardens,1400.0
1.0,4.0,Lake Gardens,1400.0
1.45,5.0,Lake Gardens,2000.0
1.45,5.0,Lake Gardens,2000.0
0.9,3.0,Lake Gardens,1300.0
0.9,3.0,Lake Gardens,1300.0
4.3,10.0,Lake Gardens,6000.0
4.3,10.0,Lake Gardens,6000.0
2.9,5.0,Lake Gardens,5000.0
2.75,6.0,Lake Gardens,4000.0
2.9,5.0,Lake Gardens,5000.0
2.75,6.0,Lake Gardens,4000.0
2.5,6.0,Lake Gardens,3600.0
2.5,6.0,Lake Gardens,3600.0
0.9,4.0,Lake Gardens,2100.0
2.5,4.0,Lake Gardens,3200.0
0.9,4.0,Lake Gardens,2100.0
2.5,4.0,Lake Gardens,3200.0
2.1,5.0,Lake Gardens,3000.0
2.1,5.0,Lake Gardens,3000.0
1.6,4.0,Lake Gardens,1800.0
1.6,4.0,Lake Gardens,1800.0
3.6,8.0,Lake Gardens,3600.0
3.25,7.0,Lake Gardens,3000.0
3.6,8.0,Lake Gardens,3600.0
3.25,7.0,Lake Gardens,3000.0
3.25,7.0,Lake Gardens,3000.0
2.9,6.0,Lake Gardens,5000.0
2.9,6.0,Lake Gardens,5000.0
2.9,6.0,Lake Gardens,5000.0
2.4,10.0,Lake Gardens,3500.0
2.4,10.0,Lake Gardens,3500.0
2.4,10.0,Lake Gardens,3500.0
2.75,6.0,Lake Gardens,3900.0
2.75,6.0,Lake Gardens,3900.0
1.2,4.0,Lake Gardens,2500.0
1.2,4.0,Lake Gardens,2500.0
1.5,4.0,Lake Gardens,3500.0
1.5,4.0,Lake Gardens,3500.0
3.0,6.0,Lake Town,2500.0
3.0,6.0,Lake Town,2500.0
2.0,4.0,Lake Town,1600.0
2.0,4.0,Lake Town,1600.0
0.4,2.0,Lake Town,1700.0
0.4,2.0,Lake Town,1700.0
3.0,6.0,Lake Town,5000.0
3.0,6.0,Lake Town,5000.0
3.0,6.0,Lake Town,5000.0
0.7,5.0,Machuabazar,2500.0
0.7,5.0,Machuabazar,2500.0
2.0,4.0,Machuabazar,1400.0
2.0,4.0,Machuabazar,1400.0
0.95,9.0,Machuabazar,2880.0
0.95,9.0,Machuabazar,2880.0
2.5,6.0,Machuabazar,2000.0
2.5,6.0,Machuabazar,2000.0
1.6,8.0,Machuabazar,4000.0
7.0,8.5,Machuabazar,2520.0
1.6,8.0,Machuabazar,4000.0
7.0,8.5,Machuabazar,2520.0
0.16,1.0,Machuabazar,550.0
0.16,1.0,Machuabazar,550.0
6.0,3.5,Machuabazar,2250.0
6.0,3.5,Machuabazar,2250.0
0.93,5.0,Madhyamgram,1876.0
0.93,5.0,Madhyamgram,1876.0
1.1,6.0,Madhyamgram,1982.0
0.26,2.0,Madhyamgram,910.0
1.1,6.0,Madhyamgram,1982.0
0.26,2.0,Madhyamgram,910.0
0.4165,2.0,Madhyamgram,1260.0
0.365,2.0,Madhyamgram,1170.0
0.4165,2.0,Madhyamgram,1260.0
0.365,2.0,Madhyamgram,1170.0
0.45,3.0,Madhyamgram,900.0
0.45,3.0,Madhyamgram,900.0
2.0,10.0,Madhyamgram,15000.0
2.0,10.0,Madhyamgram,15000.0
0.7,6.0,Madhyamgram,5100.0
0.7,6.0,Madhyamgram,5100.0
0.9,6.0,Madhyamgram,2500.0
0.9,6.0,Madhyamgram,2500.0
0.62,2.0,Madhyamgram,1800.0
0.62,2.0,Madhyamgram,1800.0
0.75,5.0,Madhyamgram,2200.0
0.75,5.0,Madhyamgram,2200.0
0.47,4.0,Madhyamgram,1700.0
0.47,4.0,Madhyamgram,1700.0
0.35,4.0,Madhyamgram,1420.0
0.16,1.0,Madhyamgram,600.0
0.16,1.0,Madhyamgram,600.0
0.26,3.0,Madhyamgram,820.0
0.26,3.0,Madhyamgram,820.0
0.25,2.0,Madhyamgram,700.0
0.25,2.0,Madhyamgram,700.0
1.25,7.0,Madhyamgram,4000.0
1.25,7.0,Madhyamgram,4000.0
0.9,3.0,Madhyamgram,1750.0
0.9,3.0,Madhyamgram,1750.0
0.4,3.0,Madhyamgram,1800.0
0.4,3.0,Madhyamgram,1800.0
0.82,2.0,Madhyamgram,4000.0
0.82,2.0,Madhyamgram,4000.0
0.75,9.0,Madhyamgram,3000.0
0.75,9.0,Madhyamgram,3000.0
0.75,8.0,Madhyamgram,2500.0
0.75,8.0,Madhyamgram,2500.0
0.7,4.0,Maheshtala,2000.0
0.6,5.0,Maheshtala,1800.0
0.7,4.0,Maheshtala,2000.0
0.6,5.0,Maheshtala,1800.0
0.38,2.0,Maheshtala,1800.0
0.38,2.0,Maheshtala,1800.0
2.5,8.0,Maheshtala,4500.0
2.5,8.0,Maheshtala,4500.0
0.44,3.0,Maheshtala,1366.0
0.44,3.0,Maheshtala,1366.0
0.63,4.0,Maheshtala,2000.0
0.76,4.0,Maheshtala,1440.0
0.63,4.0,Maheshtala,2000.0
0.76,4.0,Maheshtala,1440.0
0.55,5.0,Maheshtala,2880.0
0.55,5.0,Maheshtala,2880.0
0.9,3.0,Maheshtala,8200.0
0.9,3.0,Maheshtala,8200.0
0.55,4.0,Maheshtala,1500.0
0.55,4.0,Maheshtala,1500.0
0.85,5.0,Maheshtala,2000.0
0.275,2.0,Maheshtala,1500.0
0.85,5.0,Maheshtala,2000.0
0.275,2.0,Maheshtala,1500.0
0.55,3.0,Maheshtala,1500.0
0.55,3.0,Maheshtala,1500.0
0.25,3.0,Maheshtala,1060.0
0.3,2.0,Maheshtala,1800.0
0.3,2.0,Maheshtala,1979.0
0.47,2.0,Maheshtala,1550.0
0.25,3.0,Maheshtala,1060.0
0.3,2.0,Maheshtala,1800.0
0.3,2.0,Maheshtala,1979.0
0.47,2.0,Maheshtala,1550.0
0.5,6.0,Maheshtala,2160.0
0.5,6.0,Maheshtala,2160.0
0.95,7.0,Maheshtala,3500.0
0.95,7.0,Maheshtala,3500.0
0.5,6.0,Maheshtala,1500.0
0.75,5.0,Maheshtala,2600.0
0.5,6.0,Maheshtala,1500.0
0.75,5.0,Maheshtala,2600.0
0.95,7.0,Maheshtala,3500.0
0.75,5.0,Maheshtala,2600.0
0.6,2.0,Maheshtala,1260.0
0.6,2.0,Maheshtala,1260.0
0.34,2.0,Maheshtala,976.0
0.34,2.0,Maheshtala,976.0
0.45,1.0,Maheshtala,3000.0
0.45,1.0,Maheshtala,3000.0
0.8,3.0,Maheshtala,5040.0
0.8,3.0,Maheshtala,5040.0
0.6,10.0,Maheshtala,2534.0
0.6,10.0,Maheshtala,2534.0
0.5,4.0,Maheshtala,1400.0
0.5,4.0,Maheshtala,1400.0
0.6,2.0,Maheshtala,1600.0
0.6,2.0,Maheshtala,1600.0
0.4,2.0,Maheshtala,1080.0
0.4,2.0,Maheshtala,1080.0
0.4,2.0,Maheshtala,1080.0
0.63,2.0,Maheshtala,1800.0
0.5,2.0,Maheshtala,1031.0
0.6,3.0,Maheshtala,2000.0
0.63,2.0,Maheshtala,1800.0
0.5,2.0,Maheshtala,1031.0
0.6,3.0,Maheshtala,2000.0
0.22,5.0,Maheshtala,3000.0
0.35,5.0,Maheshtala,1600.0
0.35,4.0,Maheshtala,3000.0
2.0,4.0,Maheshtala,3500.0
0.22,5.0,Maheshtala,3000.0
0.35,5.0,Maheshtala,1600.0
0.35,4.0,Maheshtala,3000.0
2.0,4.0,Maheshtala,3500.0
0.3,2.0,Maheshtala,820.0
0.3,2.0,Maheshtala,820.0
0.27649999999999997,1.0,Maheshtala,553.0
0.27649999999999997,1.0,Maheshtala,553.0
0.45,4.0,Maheshtala,1600.0
0.67,4.0,Maheshtala,3500.0
0.45,4.0,Maheshtala,1600.0
0.67,4.0,Maheshtala,3500.0
0.67,4.0,Maheshtala,3500.0
0.67,4.0,Maheshtala,3500.0
0.3,3.0,Maheshtala,1440.0
0.3,3.0,Maheshtala,1440.0
0.3,3.0,Maheshtala,1500.0
0.3,3.0,Maheshtala,1440.0
0.3,3.0,Maheshtala,1500.0
0.26,4.0,Maheshtala,4083.0
0.45,5.0,Maheshtala,1500.0
0.45,5.0,Maheshtala,1500.0
0.47,6.0,Maheshtala,2411.0
0.47,6.0,Maheshtala,2411.0
0.33,4.0,Maheshtala,1575.0
0.38,4.0,Maheshtala,1200.0
0.33,4.0,Maheshtala,1575.0
0.38,4.0,Maheshtala,1200.0
0.45,1.0,Maidan,2100.0
0.45,1.0,Maidan,2100.0
0.95,4.0,Malancha Mahi Nagar,7000.0
0.95,4.0,Malancha Mahi Nagar,7000.0
0.95,4.0,Malancha Mahi Nagar,7000.0
0.54,4.0,Malickpur,1350.0
0.54,4.0,Malickpur,1350.0
0.23,2.0,Malickpur,500.0
0.23,2.0,Malickpur,500.0
0.14,2.0,Malickpur,750.0
0.14,2.0,Malickpur,750.0
0.8,3.0,Malickpur,5000.0
0.8,3.0,Malickpur,5000.0
0.8,3.0,Malickpur,5000.0
0.18,4.0,Malickpur,1550.0
0.18,4.0,Malickpur,1550.0
2.52,4.0,Maniktala,1500.0
2.52,4.0,Maniktala,1500.0
0.58,4.0,Maniktala,1087.0
0.58,4.0,Maniktala,1087.0
0.2,1.0,Maniktala,250.0
0.2,1.0,Maniktala,250.0
4.3,10.0,Maniktala,11500.0
4.3,10.0,Maniktala,11500.0
1.6,6.0,Maniktala,3000.0
4.3,10.0,Metiabruz,3000.0
4.3,10.0,Metiabruz,3000.0
2.0,4.0,Metiabruz,1500.0
2.0,4.0,Metiabruz,1500.0
0.245,2.0,Mohispota,720.0
0.245,2.0,Mohispota,720.0
0.72,4.0,Mukundapur,5000.0
0.72,4.0,Mukundapur,5000.0
1.5,5.0,Mukundapur,5623.0
0.65,4.0,Mukundapur,1565.0
1.5,5.0,Mukundapur,5623.0
0.65,4.0,Mukundapur,1565.0
0.7,5.0,Mukundapur,5000.0
0.82,7.0,Mukundapur,5000.0
0.82,7.0,Mukundapur,5000.0
0.95,4.0,Mukundapur,2000.0
0.95,4.0,Mukundapur,2000.0
0.85,2.0,Mukundapur,3000.0
2.25,6.0,Mukundapur,3000.0
0.95,6.0,Mukundapur,2400.0
0.85,2.0,Mukundapur,3000.0
2.25,6.0,Mukundapur,3000.0
0.95,6.0,Mukundapur,2400.0
0.65,4.0,Mukundapur,1400.0
0.45,3.0,Mukundapur,2000.0
0.65,4.0,Mukundapur,1400.0
0.45,3.0,Mukundapur,2000.0
1.4,5.0,Mukundapur,2000.0
1.4,5.0,Mukundapur,2000.0
0.5,3.0,Mukundapur,4215.0
0.5,3.0,Mukundapur,4215.0
2.2,5.0,Mukundapur,2500.0
2.2,5.0,Mukundapur,2500.0
5.1,10.0,Mukundapur,8200.0
5.1,10.0,Mukundapur,8200.0
5.1,10.0,Mukundapur,8200.0
0.4,2.0,Mukundapur,850.0
1.0,3.0,Nabapally,1500.0
1.0,3.0,Nabapally,1500.0
1.5,6.0,Nabapally,2304.0
1.5,6.0,Nabapally,2304.0
0.8,5.0,Naihati,2200.0
0.8,5.0,Naihati,2200.0
0.35,2.0,Naihati,1400.0
0.35,2.0,Naihati,1400.0
0.6,4.0,Naihati,1943.0
0.6,4.0,Naihati,1943.0
0.9,4.0,Naihati,1800.0
0.9,4.0,Naihati,1800.0
0.7,5.0,Naihati,10000.0
0.32,4.0,Naihati,1700.0
0.32,4.0,Naihati,1700.0
0.85,2.0,Naihati,1460.0
0.3,2.0,Naihati,950.0
0.4,4.0,Naoabad,1200.0
0.4,4.0,Naoabad,1200.0
0.7,5.0,Narayantala,2000.0
0.7,5.0,Narayantala,2000.0
0.4,3.0,Narendrapur,1440.0
0.4,3.0,Narendrapur,1440.0
0.18,2.0,Narendrapur,1300.0
0.18,2.0,Narendrapur,1300.0
0.45,2.0,Narendrapur,780.0
0.45,2.0,Narendrapur,780.0
0.55,6.0,Natagarh,2100.0
0.55,6.0,Natagarh,2100.0
0.65,3.0,Natagarh,1300.0
0.65,3.0,Natagarh,1300.0
0.5,2.0,Natunhat,1500.0
0.5,2.0,Natunhat,1500.0
0.4,3.0,Natunhat,1440.0
0.4,3.0,Natunhat,1440.0
0.3,2.0,Natunhat,1000.0
0.3,2.0,Natunhat,1000.0
0.7,3.0,Nayabad,2500.0
0.7,3.0,Nayabad,2500.0
0.125,2.0,Nayabad,1300.0
0.125,2.0,Nayabad,1300.0
1.2,3.0,Nayabad,1600.0
1.2,3.0,Nayabad,1600.0
0.8,3.0,Nazirabad,1800.0
0.8,3.0,Nazirabad,1800.0
1.0,4.0,Nazirabad,1400.0
1.0,4.0,Nazirabad,1400.0
0.14,2.0,Netaji Nagar,620.0
0.14,2.0,Netaji Nagar,620.0
0.52,3.0,Netaji Nagar,1000.0
0.52,3.0,Netaji Nagar,1000.0
0.45,4.0,Netaji Nagar,1500.0
0.45,4.0,Netaji Nagar,1500.0
1.35,3.0,Netaji Nagar,1700.0
1.35,3.0,Netaji Nagar,1700.0
0.035,3.0,Netaji Nagar,1000.0
0.035,3.0,Netaji Nagar,1000.0
0.47,1.0,Netaji Nagar,400.0
0.47,1.0,Netaji Nagar,400.0
2.3,5.0,New Alipore,3000.0
2.3,5.0,New Alipore,3000.0
1.5,4.0,New Alipore,1400.0
1.5,4.0,New Alipore,1400.0
4.5,10.0,New Alipore,4200.0
4.5,10.0,New Alipore,4200.0
2.3,6.0,New Alipore,3000.0
2.3,6.0,New Alipore,3000.0
13.0,10.0,New Alipore,8000.0
13.0,10.0,New Alipore,8000.0
10.51,10.0,New Alipore,10000.0
10.51,10.0,New Alipore,10000.0
1.3,5.0,New Alipore,1600.0
1.3,5.0,New Alipore,1600.0
0.9811,3.0,New Alipore,1168.0
0.9811,3.0,New Alipore,1168.0
2.5,6.0,New Alipore,3000.0
2.5,6.0,New Alipore,3000.0
2.5,6.0,New Alipore,3000.0
6.5,4.0,New Alipore,3000.0
6.5,4.0,New Alipore,3000.0
3.0,8.0,New Alipore,2500.0
3.0,8.0,New Alipore,3000.0
3.0,8.0,New Alipore,2500.0
3.0,8.0,New Alipore,3000.0
3.0,8.0,New Alipore,2500.0
12.0,10.0,New Alipore,10000.0
3.2,10.0,New Alipore,6600.0
12.0,10.0,New Alipore,10000.0
3.2,10.0,New Alipore,6600.0
1.8,5.0,New Alipore,3600.0
1.8,5.0,New Alipore,3600.0
1.8,5.0,New Alipore,3600.0
1.8,5.0,New Alipore,3600.0
3.2,10.0,New Alipore,6600.0
3.2,10.0,New Alipore,6600.0
7.0,3.0,New Alipore,6000.0
7.0,3.0,New Alipore,6000.0
6.5,5.0,New Alipore,7200.0
6.5,5.0,New Alipore,7200.0
1.5,3.0,New Alipore,3240.0
3.25,4.0,New Alipore,7200.0
1.5,3.0,New Alipore,3240.0
3.25,4.0,New Alipore,7200.0
2.75,9.0,New Alipore,3300.0
2.75,9.0,New Alipore,3300.0
2.75,9.0,New Alipore,3300.0
0.75,5.0,New Barrakpur,2886.0
0.75,5.0,New Barrakpur,2886.0
0.55,2.0,New Barrakpur,2160.0
0.55,2.0,New Barrakpur,2160.0
1.0,8.0,New Barrakpur,5600.0
1.0,8.0,New Barrakpur,5600.0
1.6,5.0,New Barrakpur,2700.0
1.6,5.0,New Barrakpur,2700.0
0.5,4.0,New Barrakpur,1800.0
0.5,4.0,New Barrakpur,1800.0
0.75,4.0,New Barrakpur,1350.0
0.185,2.0,New Barrakpur,710.0
0.185,2.0,New Barrakpur,710.0
0.7,6.0,New Barrakpur,15000.0
0.7,6.0,New Barrakpur,15000.0
0.7,6.0,New Barrakpur,15000.0
0.42,3.0,New Barrakpur,4083.0
0.42,3.0,New Barrakpur,4083.0
1.1,4.0,New Town,2584.0
0.8,3.0,New Town,1567.0
0.8,3.0,New Town,1567.0
0.58,3.0,New Town,1000.0
0.58,3.0,New Town,1000.0
2.7,10.0,New Town,5000.0
2.7,10.0,New Town,5000.0
0.45,2.0,New Town,880.0
0.45,2.0,New Town,880.0
6.0,10.0,New Town,10000.0
4.5,4.0,New Town,10000.0
6.0,10.0,New Town,10000.0
4.5,4.0,New Town,10000.0
0.5,2.0,New Town,1100.0
0.67,3.0,New Town,1250.0
0.5,2.0,New Town,1100.0
0.67,3.0,New Town,1250.0
3.35,10.0,New Town,5000.0
3.3,10.0,New Town,5000.0
3.35,10.0,New Town,5000.0
3.3,10.0,New Town,5000.0
0.8,2.0,New Town,1200.0
0.8,2.0,New Town,1200.0
0.33,2.0,New Town,972.0
0.33,2.0,New Town,972.0
2.0,9.0,New Town,2500.0
2.0,9.0,New Town,2500.0
1.0,5.0,New Town,2400.0
1.0,5.0,New Town,2400.0
2.8,10.0,New Town,6000.0
2.5,10.0,New Town,6000.0
2.8,10.0,New Town,6000.0
2.5,10.0,New Town,6000.0
0.59,3.0,New Town,882.0
0.59,3.0,New Town,882.0
1.0,3.0,New Town,1900.0
1.0,3.0,New Town,1900.0
4.0,10.0,New Town,7000.0
4.0,10.0,New Town,7000.0
0.65,3.0,New Town,1480.0
0.65,3.0,New Town,1480.0
0.54,3.0,New Town,1250.0
0.4,2.0,New Town,980.0
0.55,3.0,New Town,1488.0
0.6,3.0,New Town,1480.0
0.54,3.0,New Town,1250.0
0.4,2.0,New Town,980.0
0.55,3.0,New Town,1488.0
0.6,3.0,New Town,1480.0
0.63,3.0,New Town,1480.0
0.63,3.0,New Town,1480.0
2.5,10.0,New Town,5000.0
2.5,10.0,New Town,5000.0
0.7,3.0,New Town,1200.0
0.7,3.0,New Town,1240.0
0.6,2.0,New Town,1440.0
0.6,2.0,New Town,1440.0
1.7,7.0,New Town,4000.0
1.7,7.0,New Town,4000.0
0.7,5.0,Nimta,2000.0
0.6,3.0,Nimta,2300.0
0.6,3.0,Nimta,2300.0
0.65,3.0,Nimta,1440.0
0.65,3.0,Nimta,1440.0
0.36,3.0,Nimta,1200.0
0.36,3.0,Nimta,1200.0
1.5,4.0,Nimta,2879.0
1.5,4.0,Nimta,2879.0
0.24,3.0,Nimta,1200.0
0.24,3.0,Nimta,1200.0
3.5,8.0,Nimta,2700.0
0.38,4.0,Nimta,1200.0
1.0,10.0,Nimta,3200.0
3.5,8.0,Nimta,2700.0
0.38,4.0,Nimta,1200.0
1.0,10.0,Nimta,3200.0
0.25,6.0,Nimta,2000.0
0.25,6.0,Nimta,2000.0
0.65,2.0,Nimta,2500.0
0.65,2.0,Nimta,2500.0
0.1,2.0,Nimta,630.0
0.1,2.0,Nimta,680.0
0.1,2.0,Nimta,630.0
0.1,2.0,Nimta,680.0
0.3,3.0,Nimta,1200.0
0.3,3.0,Nimta,1200.0
0.55,4.0,Nimta,2600.0
0.55,4.0,Nimta,2600.0
0.85,8.0,Nimta,2900.0
0.85,8.0,Nimta,2900.0
0.85,8.0,Nimta,2900.0
0.65,3.0,Nimta,1220.0
0.65,3.0,Nimta,1220.0
0.65,3.0,Nimta,1220.0
0.65,3.0,Nimta,1220.0
0.5,2.0,Nimta,1300.0
0.42,4.0,Nimta,1900.0
0.4,2.0,North Dum Dum,1170.0
0.4,2.0,North Dum Dum,1170.0
0.5,4.0,North Dum Dum,2000.0
0.5,4.0,North Dum Dum,2000.0
1.1,6.0,North Dum Dum,3200.0
1.1,6.0,North Dum Dum,3200.0
0.16,2.0,Paikpara,700.0
0.16,2.0,Paikpara,700.0
4.0,7.0,Paikpara,5000.0
4.0,7.0,Paikpara,5000.0
2.91,6.0,Paikpara,3600.0
2.91,6.0,Paikpara,3600.0
2.9,6.0,Paikpara,1943.0
2.9,6.0,Paikpara,1943.0
1.3,7.0,Paikpara,2500.0
0.25,2.0,Paikpara,1800.0
1.3,7.0,Paikpara,2500.0
0.25,2.0,Paikpara,1800.0
1.4,10.0,Paikpara,3000.0
1.4,10.0,Paikpara,3000.0
0.85,3.0,Paikpara,950.0
0.85,3.0,Paikpara,950.0
0.34,3.0,Pailan,1414.0
0.35,3.0,Pailan,1440.0
0.34,3.0,Pailan,1414.0
0.35,3.0,Pailan,1440.0
0.37,4.0,Pailan,1800.0
0.37,4.0,Pailan,1800.0
0.75,8.0,Pailan,2700.0
0.75,8.0,Pailan,2700.0
0.16,2.0,Pailan,550.0
0.18,1.0,Pailan,720.0
0.16,2.0,Pailan,550.0
0.18,1.0,Pailan,720.0
0.7,7.0,Pailan,3200.0
0.35,3.0,Palta,1300.0
0.35,3.0,Palta,1300.0
0.35,3.0,Palta,1500.0
0.35,3.0,Palta,1500.0
1.3,4.0,Pancha Sayar,2100.0
1.3,4.0,Pancha Sayar,2100.0
1.75,5.0,Pancha Sayar,3000.0
1.75,5.0,Pancha Sayar,3000.0
5.0,4.0,Pancha Sayar,1100.0
5.0,4.0,Pancha Sayar,1100.0
2.13,4.0,Panchpota,1650.0
2.13,4.0,Panchpota,1650.0
0.85,4.0,Panchpota,1440.0
0.85,4.0,Panchpota,1440.0
0.53,4.0,Panchpota,1440.0
0.53,4.0,Panchpota,1440.0
0.58,7.0,Panchpota,5000.0
0.58,7.0,Panchpota,5000.0
1.5,4.0,Panchpota,2000.0
1.5,4.0,Panchpota,2000.0
0.18,3.0,Panihati,850.0
0.18,3.0,Panihati,850.0
0.7,5.0,Panihati,1576.0
0.7,5.0,Panihati,1576.0
0.65,3.0,Panihati,1840.0
0.65,3.0,Panihati,1840.0
0.78,3.0,Panihati,2880.0
0.78,3.0,Panihati,2880.0
1.25,4.0,Panihati,3000.0
1.25,4.0,Panihati,3000.0
0.78,3.0,Panihati,3500.0
0.78,3.0,Panihati,3500.0
0.45,2.0,Pansila,2095.0
0.45,2.0,Pansila,2095.0
0.78,4.0,Pansila,4000.0
0.78,4.0,Pansila,4000.0
0.5,4.0,Pansila,2000.0
0.5,4.0,Pansila,2000.0
0.395,3.0,Pansila,1665.0
0.395,3.0,Pansila,1665.0
0.395,3.0,Pansila,1665.0
11.0,9.0,Park Street Area,6800.0
11.0,9.0,Park Street Area,6800.0
1.3,3.0,Park Street Area,1800.0
1.3,3.0,Park Street Area,1800.0
8.0,10.0,Park Street Area,7840.0
8.0,10.0,Park Street Area,7840.0
4.0,6.0,Park Street Area,3920.0
4.0,6.0,Park Street Area,3920.0
0.38,2.0,Paschim Barisha,1200.0
0.38,2.0,Paschim Barisha,1200.0
1.5,7.0,Paschim Barisha,5100.0
1.5,7.0,Paschim Barisha,5100.0
0.27,3.0,Paschim Barisha,1455.0
0.27,3.0,Paschim Barisha,1455.0
0.75,5.0,Paschim Barisha,3200.0
0.75,5.0,Paschim Barisha,3200.0
1.2,5.0,Paschim Barisha,3500.0
0.33,3.0,Paschim Barisha,780.0
1.2,5.0,Paschim Barisha,3500.0
0.33,3.0,Paschim Barisha,780.0
0.72,5.0,Paschim Barisha,2500.0
0.72,5.0,Paschim Barisha,2500.0
0.72,5.0,Paschim Barisha,2500.0
0.72,5.0,Paschim Barisha,2500.0
0.39,2.0,Paschim Barisha,1190.0
0.39,2.0,Paschim Barisha,1190.0
0.6,3.0,Paschim Putiary,1600.0
0.6,3.0,Paschim Putiary,1600.0
0.8,5.0,Paschim Putiary,2000.0
0.8,5.0,Paschim Putiary,2000.0
1.1,4.0,Paschim Putiary,2500.0
1.1,4.0,Paschim Putiary,2500.0
0.7,2.0,Paschim Putiary,1300.0
0.7,2.0,Paschim Putiary,1300.0
0.35,2.0,Paschim Putiary,1260.0
0.35,2.0,Paschim Putiary,1260.0
0.85,5.0,Paschim Putiary,2100.0
0.85,5.0,Paschim Putiary,2100.0
0.58,3.0,Paschim Putiary,1500.0
0.58,3.0,Paschim Putiary,1500.0
2.5,7.0,Paschim Putiary,2800.0
2.5,7.0,Paschim Putiary,2800.0
0.125,5.0,Paschim Putiary,4000.0
0.125,5.0,Paschim Putiary,4000.0
0.75,3.0,Paschim Putiary,1500.0
0.75,3.0,Paschim Putiary,1500.0
0.35,5.0,Paschim Putiary,1440.0
0.35,5.0,Paschim Putiary,1440.0
1.1,3.0,Paschim Putiary,5000.0
1.1,3.0,Paschim Putiary,5000.0
0.27,2.0,Paschim Putiary,1440.0
0.27,2.0,Paschim Putiary,1440.0
1.5,6.0,Picnic Garden,3000.0
1.5,6.0,Picnic Garden,3000.0
0.26,2.0,Picnic Garden,980.0
0.26,2.0,Picnic Garden,980.0
1.0,2.0,Picnic Garden,600.0
1.0,2.0,Picnic Garden,600.0
0.3,3.0,Picnic Garden,1075.0
0.3,3.0,Picnic Garden,1075.0
1.2,2.0,Picnic Garden,1050.0
1.2,2.0,Picnic Garden,1050.0
1.5,4.0,Picnic Garden,3000.0
0.31,3.0,Picnic Garden,1100.0
0.13,2.0,Picnic Garden,1500.0
0.65,5.0,Purba Barisha,3000.0
0.65,5.0,Purba Barisha,3000.0
0.68,6.0,Purba Barisha,1800.0
0.68,6.0,Purba Barisha,1800.0
1.3,4.0,Purba Barisha,4300.0
1.3,7.0,Purba Barisha,4800.0
1.3,4.0,Purba Barisha,4300.0
1.3,7.0,Purba Barisha,4800.0
0.7,6.0,Purba Barisha,3000.0
0.7,6.0,Purba Barisha,3000.0
0.75,3.0,Purba Barisha,1420.0
0.55,3.0,Purba Barisha,1450.0
0.75,3.0,Purba Barisha,1420.0
0.55,3.0,Purba Barisha,1450.0
0.8,5.0,Purba Barisha,1800.0
0.8,5.0,Purba Barisha,1800.0
0.82,3.0,Purba Barisha,3000.0
0.75,3.0,Purba Barisha,1420.0
0.82,3.0,Purba Barisha,3000.0
1.0,7.0,Purba Barisha,2160.0
1.0,7.0,Purba Barisha,2160.0
0.8,3.0,Purba Barisha,1200.0
0.75,6.0,Purba Barisha,3200.0
0.8,3.0,Purba Barisha,1200.0
0.75,6.0,Purba Barisha,3200.0
0.75,6.0,Purba Barisha,3200.0
0.45,4.0,Purba Barisha,1100.0
0.75,6.0,Purba Barisha,3200.0
0.45,4.0,Purba Barisha,1100.0
0.39,2.0,Purba Barisha,1500.0
0.39,2.0,Purba Barisha,1500.0
0.47,3.0,Purba Barisha,1350.0
0.47,3.0,Purba Barisha,1350.0
2.2,7.0,Purba Barisha,3500.0
2.2,7.0,Purba Barisha,3500.0
0.55,5.0,Purba Barisha,2100.0
0.55,5.0,Purba Barisha,2100.0
1.25,4.0,Purba Barisha,1710.0
1.25,4.0,Purba Barisha,1710.0
0.6,4.0,Purba Barisha,2400.0
0.6,4.0,Purba Barisha,2400.0
0.75,6.0,Purba Putiary,2200.0
0.75,6.0,Purba Putiary,2200.0
0.0706,1.0,Purba Putiary,2016.0
0.0706,1.0,Purba Putiary,2016.0
1.5,5.0,Purba Putiary,8400.0
1.5,5.0,Purba Putiary,8400.0
0.15,3.0,Purba Putiary,1800.0
0.15,3.0,Purba Putiary,1800.0
0.5556,2.0,Purba Putiary,1851.0
0.5556,2.0,Purba Putiary,1851.0
0.4,4.0,Purba Putiary,1800.0
0.4,4.0,Purba Putiary,1800.0
0.65,6.0,Purba Putiary,1700.0
0.65,6.0,Purba Putiary,1700.0
0.18,2.0,Purba Putiary,850.0
0.18,2.0,Purba Putiary,850.0
0.25,5.0,Purba Putiary,1440.0
0.25,5.0,Purba Putiary,1440.0
0.85,6.0,Purba Putiary,2880.0
0.85,6.0,Purba Putiary,2880.0
0.85,6.0,Purba Putiary,2880.0
0.78,4.0,Raghunathpur,1428.0
0.78,4.0,Raghunathpur,1428.0
3.5,4.0,Raghunathpur,2160.0
3.5,4.0,Raghunathpur,2160.0
3.5,4.0,Raghunathpur,2160.0
3.5,4.0,Raghunathpur,2160.0
3.4,4.0,Raghunathpur,4140.0
3.4,4.0,Raghunathpur,4140.0
0.85,3.0,Rahara,1800.0
0.85,3.0,Rahara,1800.0
0.8,3.0,Rahara,1800.0
0.8,3.0,Rahara,1800.0
0.52,4.0,Rahara,1200.0
0.85,3.0,Rahara,1800.0
0.52,4.0,Rahara,1200.0
1.8,10.5,Rahara,3600.0
1.8,10.5,Rahara,3600.0
1.8,10.5,Rahara,3600.0
0.6,4.0,Rahara,1200.0
0.6,4.0,Rahara,1200.0
0.79,4.0,Rahara,2880.0
0.65,3.0,Rahara,3000.0
0.65,3.0,Rahara,3000.0
0.75,4.0,Rahara,1200.0
0.75,4.0,Rahara,1200.0
2.5,6.0,Raja Bazar,1900.0
0.7,4.0,Rajabagan,1400.0
0.7,4.0,Rajabagan,1400.0
2.5,7.0,Rajarhat,4320.0
2.5,7.0,Rajarhat,4320.0
0.5,3.0,Rajarhat,1300.0
0.5,3.0,Rajarhat,1300.0
0.65,4.0,Rajarhat,1600.0
0.65,4.0,Rajarhat,1600.0
0.35,2.0,Rajarhat,810.0
0.65,3.0,Rajarhat,1500.0
0.42,2.0,Rajarhat,805.0
0.46,3.0,Rajarhat,800.0
0.65,4.0,Rajarhat,1500.0
0.42,2.0,Rajarhat,800.0
0.35,2.0,Rajarhat,810.0
0.65,3.0,Rajarhat,1500.0
0.42,2.0,Rajarhat,805.0
0.46,3.0,Rajarhat,800.0
0.65,4.0,Rajarhat,1500.0
0.42,2.0,Rajarhat,800.0
0.45,2.0,Rajarhat,1400.0
0.45,5.0,Rajarhat,1700.0
0.45,2.0,Rajarhat,1400.0
0.45,5.0,Rajarhat,1700.0
1.5,7.0,Rajarhat,3200.0
1.5,7.0,Rajarhat,3200.0
0.8,5.0,Rajarhat,5000.0
0.8,5.0,Rajarhat,5000.0
0.4,2.0,Rajarhat,2520.0
0.4,2.0,Rajarhat,2520.0
0.55,5.0,Rajarhat,2000.0
0.55,5.0,Rajarhat,2000.0
0.27699999999999997,2.0,Rajarhat,900.0
0.27699999999999997,2.0,Rajarhat,900.0
0.57,4.0,Rajarhat,1610.0
0.57,4.0,Rajarhat,1610.0
0.28,2.0,Rajarhat,1619.0
0.28,2.0,Rajarhat,1619.0
0.32,2.0,Rajarhat,750.0
0.32,2.0,Rajarhat,750.0
0.75,7.0,Rajarhat,2260.0
0.75,7.0,Rajarhat,2260.0
0.35,6.0,Rajarhat,2000.0
0.35,6.0,Rajarhat,2000.0
0.75,6.0,Rajarhat,3000.0
0.75,6.0,Rajarhat,3000.0
1.0,10.0,Rajarhat,5000.0
1.0,10.0,Rajarhat,5000.0
0.395,2.0,Rajarhat,1069.0
0.395,2.0,Rajarhat,1069.0
0.693,3.0,Rajpur,2310.0
0.693,3.0,Rajpur,2310.0
0.72,3.0,Rajpur,2176.0
0.72,3.0,Rajpur,2176.0
0.57,4.0,Rajpur Sonarpur,1440.0
0.57,4.0,Rajpur Sonarpur,1440.0
1.5,5.0,Rajpur Sonarpur,3600.0
1.5,5.0,Rajpur Sonarpur,3600.0
0.65,5.0,Rajpur Sonarpur,1800.0
0.65,5.0,Rajpur Sonarpur,1800.0
0.4,2.0,Rajpur Sonarpur,700.0
0.4,2.0,Rajpur Sonarpur,700.0
0.8,5.0,Rajpur Sonarpur,2300.0
0.8,5.0,Rajpur Sonarpur,2300.0
1.5,5.0,Rajpur Sonarpur,3200.0
1.5,5.0,Rajpur Sonarpur,3200.0
0.5,3.0,Rajpur Sonarpur,1680.0
0.5,3.0,Rajpur Sonarpur,1680.0
0.45,5.0,Rajpur Sonarpur,2500.0
0.45,5.0,Rajpur Sonarpur,2500.0
0.45,3.0,Rajpur Sonarpur,1100.0
0.5,4.0,Rajpur Sonarpur,1400.0
0.5,4.0,Rajpur Sonarpur,1200.0
0.45,3.0,Rajpur Sonarpur,1100.0
0.5,4.0,Rajpur Sonarpur,1400.0
0.5,4.0,Rajpur Sonarpur,1200.0
0.75,4.0,Rajpur Sonarpur,1800.0
0.75,4.0,Rajpur Sonarpur,1800.0
1.37,3.0,Rajpur Sonarpur,3000.0
1.37,3.0,Rajpur Sonarpur,3000.0
0.72,2.0,Rajpur Sonarpur,2400.0
0.72,2.0,Rajpur Sonarpur,2400.0
1.1,6.0,Rajpur Sonarpur,2160.0
0.35,2.0,Rajpur Sonarpur,720.0
1.1,6.0,Rajpur Sonarpur,2160.0
0.35,2.0,Rajpur Sonarpur,720.0
1.1,5.0,Rajpur Sonarpur,3500.0
1.1,5.0,Rajpur Sonarpur,3500.0
0.6,4.0,Rajpur Sonarpur,2000.0
0.6,2.0,Rajpur Sonarpur,900.0
0.6,2.0,Rajpur Sonarpur,900.0
0.65,4.0,Rajpur Sonarpur,1800.0
0.6,4.0,Rajpur Sonarpur,2000.0
0.6,2.0,Rajpur Sonarpur,900.0
0.6,2.0,Rajpur Sonarpur,900.0
0.65,4.0,Rajpur Sonarpur,1800.0
1.0,6.0,Rajpur Sonarpur,2166.0
1.0,6.0,Rajpur Sonarpur,2166.0
0.75,3.0,Rajpur Sonarpur,1875.0
0.65,6.0,Rajpur Sonarpur,1800.0
0.75,3.0,Rajpur Sonarpur,1875.0
0.65,6.0,Rajpur Sonarpur,1800.0
1.06,6.0,Rajpur Sonarpur,4000.0
1.06,6.0,Rajpur Sonarpur,4000.0
1.25,3.0,Rajpur Sonarpur,7967.0
1.25,3.0,Rajpur Sonarpur,7967.0
1.0,4.0,Rajpur Sonarpur,2160.0
1.0,4.0,Rajpur Sonarpur,2160.0
0.65,2.0,Rajpur Sonarpur,1520.0
0.65,2.0,Rajpur Sonarpur,1520.0
2.5,6.0,Rajpur Sonarpur,11000.0
2.5,6.0,Rajpur Sonarpur,11000.0
0.18,2.0,Rajpur Sonarpur,1442.0
0.18,2.0,Rajpur Sonarpur,1442.0
1.0,4.0,Rajpur Sonarpur,5760.0
1.0,4.0,Rajpur Sonarpur,5760.0
0.18,2.0,Rajpur Sonarpur,1080.0
1.4,7.0,Rajpur Sonarpur,4200.0
0.18,2.0,Rajpur Sonarpur,1080.0
1.4,7.0,Rajpur Sonarpur,4200.0
0.38,2.0,Rajpur Sonarpur,1000.0
0.38,2.0,Rajpur Sonarpur,1000.0
0.45,2.0,Rajpur Sonarpur,1100.0
0.45,2.0,Rajpur Sonarpur,1100.0
0.46,3.0,Rajpur Sonarpur,1900.0
0.46,3.0,Rajpur Sonarpur,1900.0
0.46,3.0,Rajpur Sonarpur,1900.0
0.39,3.0,Rajpur Sonarpur,2880.0
0.46,3.0,Rajpur Sonarpur,1900.0
0.39,3.0,Rajpur Sonarpur,2880.0
1.52,7.0,Rajpur Sonarpur,4800.0
1.52,7.0,Rajpur Sonarpur,4800.0
0.92,4.0,Rajpur Sonarpur,1850.0
0.92,4.0,Rajpur Sonarpur,1850.0
0.55,2.0,Rajpur Sonarpur,800.0
0.55,2.0,Rajpur Sonarpur,800.0
0.55,2.0,Rajpur Sonarpur,800.0
0.51,3.0,Rajpur Sonarpur,1763.0
1.8,9.0,Rajpur Sonarpur,4800.0
0.51,3.0,Rajpur Sonarpur,1763.0
1.8,9.0,Rajpur Sonarpur,4800.0
0.73,3.0,Rajpur Sonarpur,2379.0
0.73,3.0,Rajpur Sonarpur,2379.0
0.73,3.0,Rajpur Sonarpur,2379.0
0.35,2.0,Rajpur Sonarpur,1200.0
0.35,2.0,Rajpur Sonarpur,1200.0
0.65,6.0,Rajpur Sonarpur,1860.0
0.65,6.0,Rajpur Sonarpur,1860.0
0.4,3.0,Rajpur Sonarpur,2880.0
0.4,3.0,Rajpur Sonarpur,2880.0
1.52,7.0,Rajpur Sonarpur,2500.0
0.37,2.0,Rajpur Sonarpur,2900.0
0.7,5.0,Rajpur Sonarpur,1800.0
1.52,7.0,Rajpur Sonarpur,2500.0
0.37,2.0,Rajpur Sonarpur,2900.0
0.7,5.0,Rajpur Sonarpur,1800.0
0.38,5.0,Rajpur Sonarpur,1650.0
0.38,5.0,Rajpur Sonarpur,1650.0
0.65,5.0,Rajpur Sonarpur,2200.0
0.68,5.0,Rajpur Sonarpur,1600.0
0.68,5.0,Rajpur Sonarpur,1600.0
0.25,3.0,Rajpur Sonarpur,1440.0
0.7,3.0,Rajpur Sonarpur,1800.0
0.25,3.0,Rajpur Sonarpur,1440.0
0.7,3.0,Rajpur Sonarpur,1800.0
0.8,4.0,Rajpur Sonarpur,2000.0
0.85,3.0,Rajpur Sonarpur,1650.0
0.8,4.0,Rajpur Sonarpur,2000.0
0.85,3.0,Rajpur Sonarpur,1650.0
0.68,5.0,Rajpur Sonarpur,1600.0
0.8,4.0,Rajpur Sonarpur,2100.0
2.25,9.0,Rajpur Sonarpur,3600.0
0.8,4.0,Rajpur Sonarpur,2100.0
2.25,9.0,Rajpur Sonarpur,3600.0
1.5,10.0,Rajpur Sonarpur,6000.0
1.5,10.0,Rajpur Sonarpur,6000.0
0.33,1.0,Rajpur Sonarpur,1400.0
0.31,1.0,Rajpur Sonarpur,1200.0
0.33,1.0,Rajpur Sonarpur,1400.0
0.31,1.0,Rajpur Sonarpur,1200.0
1.5,8.0,Rajpur Sonarpur,2560.0
0.5,2.0,Ramchandrapur,1700.0
0.5,2.0,Ramchandrapur,1700.0
0.5,2.0,Ramchandrapur,1600.0
0.5,2.0,Ramchandrapur,1600.0
0.15,2.0,Rania,1440.0
0.15,2.0,Rania,1440.0
0.5,3.0,Rania,1183.0
0.5,3.0,Rania,1183.0
0.3,2.0,Regent Park,760.0
0.3,2.0,Regent Park,760.0
1.45,3.0,Regent Park,1500.0
1.45,3.0,Regent Park,1500.0
1.5,3.0,Regent Park,1500.0
1.5,3.0,Regent Park,1500.0
3.0,7.0,Regent Park,4500.0
3.0,7.0,Regent Park,4500.0
3.0,7.0,Regent Park,4500.0
3.0,7.0,Regent Park,4500.0
3.0,7.0,Regent Park,4500.0
3.0,7.0,Regent Park,4500.0
0.28,4.0,Ruiya,1440.0
0.28,4.0,Ruiya,1440.0
1.7,9.0,Saha Para,3500.0
1.7,9.0,Saha Para,3500.0
4.0,10.0,Salt Lake City,3000.0
2.15,5.0,Salt Lake City,3500.0
3.0,9.0,Salt Lake City,2400.0
2.15,5.0,Salt Lake City,3500.0
3.0,9.0,Salt Lake City,2400.0
4.6,5.0,Salt Lake City,4400.0
4.6,5.0,Salt Lake City,4400.0
0.95,4.0,Salt Lake City,1270.0
0.95,4.0,Salt Lake City,1270.0
0.19,2.0,Salt Lake City,750.0
1.85,6.0,Salt Lake City,1800.0
1.8,5.0,Salt Lake City,3400.0
0.09,2.0,Salt Lake City,700.0
0.19,2.0,Salt Lake City,750.0
1.85,6.0,Salt Lake City,1800.0
1.8,5.0,Salt Lake City,3400.0
0.09,2.0,Salt Lake City,700.0
2.0,4.0,Salt Lake City,1600.0
2.0,4.0,Salt Lake City,1600.0
3.55,8.0,Salt Lake City,3060.0
3.55,8.0,Salt Lake City,3060.0
3.3,8.0,Salt Lake City,3060.0
2.3,6.0,Salt Lake City,2200.0
2.5,8.0,Salt Lake City,4000.0
2.3,6.0,Salt Lake City,2200.0
2.5,8.0,Salt Lake City,4000.0
3.0,8.0,Salt Lake City,3000.0
1.7,3.0,Salt Lake City,2200.0
7.6,7.0,Salt Lake City,8000.0
8.0,8.0,Salt Lake City,8800.0
1.3,3.0,Salt Lake City,1700.0
1.4,4.0,Salt Lake City,1700.0
1.65,5.0,Salt Lake City,4000.0
3.5,8.0,Salt Lake City,3500.0
3.0,8.0,Salt Lake City,3000.0
1.7,3.0,Salt Lake City,2200.0
7.6,7.0,Salt Lake City,8000.0
8.0,8.0,Salt Lake City,8800.0
1.3,3.0,Salt Lake City,1700.0
1.4,4.0,Salt Lake City,1700.0
1.65,5.0,Salt Lake City,4000.0
3.5,8.0,Salt Lake City,3500.0
4.0,5.0,Salt Lake City,5000.0
2.8,5.0,Salt Lake City,3500.0
3.1,4.0,Salt Lake City,3500.0
4.0,5.0,Salt Lake City,5000.0
2.8,5.0,Salt Lake City,3500.0
3.1,4.0,Salt Lake City,3500.0
2.2,5.0,Salt Lake City,3240.0
2.1,5.0,Salt Lake City,2320.0
3.1,5.0,Salt Lake City,2350.0
1.6,4.0,Salt Lake City,1500.0
3.0,6.0,Salt Lake City,3500.0
2.5,5.0,Salt Lake City,2860.0
3.7,6.0,Salt Lake City,4600.0
3.7,5.0,Salt Lake City,4500.0
2.6,6.0,Salt Lake City,4000.0
2.2,5.0,Salt Lake City,3240.0
2.1,5.0,Salt Lake City,2320.0
3.1,5.0,Salt Lake City,2350.0
1.6,4.0,Salt Lake City,1500.0
3.0,6.0,Salt Lake City,3500.0
2.5,5.0,Salt Lake City,2860.0
3.7,6.0,Salt Lake City,4600.0
3.7,5.0,Salt Lake City,4500.0
2.6,6.0,Salt Lake City,4000.0
3.0,5.0,Salt Lake City,4500.0
3.0,6.0,Salt Lake City,4000.0
3.3,7.0,Salt Lake City,4500.0
1.65,3.0,Salt Lake City,2000.0
3.0,5.0,Salt Lake City,4500.0
3.0,6.0,Salt Lake City,4000.0
3.3,7.0,Salt Lake City,4500.0
1.65,3.0,Salt Lake City,2000.0
3.7,10.0,Salt Lake City,5500.0
3.2,7.0,Salt Lake City,3000.0
3.5,5.0,Salt Lake City,2905.0
3.7,10.0,Salt Lake City,5500.0
3.2,7.0,Salt Lake City,3000.0
3.5,5.0,Salt Lake City,2905.0
3.2,5.0,Salt Lake City,3060.0
3.2,5.0,Salt Lake City,3060.0
2.5,4.0,Salt Lake City,2340.0
2.5,7.0,Salt Lake City,2640.0
3.4,9.0,Salt Lake City,3000.0
2.5,4.0,Salt Lake City,2340.0
2.5,7.0,Salt Lake City,2640.0
3.4,9.0,Salt Lake City,3000.0
2.5,5.0,Salt Lake City,2340.0
2.5,5.0,Salt Lake City,2340.0
2.2,6.0,Salt Lake City,2340.0
2.2,5.0,Salt Lake City,2340.0
2.2,4.0,Salt Lake City,2340.0
1.6,3.0,Salt Lake City,1620.0
3.4,7.0,Salt Lake City,3060.0
2.2,6.0,Salt Lake City,2340.0
2.2,5.0,Salt Lake City,2340.0
2.2,4.0,Salt Lake City,2340.0
1.6,3.0,Salt Lake City,1620.0
3.4,7.0,Salt Lake City,3060.0
3.1,7.0,Salt Lake City,3060.0
2.5,5.0,Salt Lake City,2320.0
2.5,5.0,Salt Lake City,2340.0
4.0,8.0,Salt Lake City,3800.0
2.4,6.0,Salt Lake City,2340.0
2.25,5.0,Salt Lake City,2340.0
3.2,7.0,Salt Lake City,3060.0
3.1,7.0,Salt Lake City,3060.0
2.5,5.0,Salt Lake City,2320.0
2.5,5.0,Salt Lake City,2340.0
4.0,8.0,Salt Lake City,3800.0
2.4,6.0,Salt Lake City,2340.0
2.25,5.0,Salt Lake City,2340.0
3.2,7.0,Salt Lake City,3060.0
3.5,9.0,Salt Lake City,3060.0
1.6,3.0,Salt Lake City,1620.0
3.5,9.0,Salt Lake City,3060.0
1.6,3.0,Salt Lake City,1620.0
3.25,9.0,Salt Lake City,3060.0
3.25,9.0,Salt Lake City,3060.0
3.0,8.0,Salt Lake City,3060.0
2.9,8.0,Salt Lake City,3060.0
3.0,8.0,Salt Lake City,3060.0
2.9,8.0,Salt Lake City,3060.0
2.2,5.0,Salt Lake City,2340.0
2.2,6.0,Salt Lake City,2340.0
2.2,5.0,Salt Lake City,2340.0
2.2,6.0,Salt Lake City,2340.0
6.0,6.0,Salt Lake City,5000.0
6.0,6.0,Salt Lake City,5000.0
3.8,10.0,Salt Lake City,5000.0
1.62,4.0,Salt Lake City,2000.0
3.5,10.0,Salt Lake City,7500.0
3.8,10.0,Salt Lake City,5000.0
1.62,4.0,Salt Lake City,2000.0
3.5,10.0,Salt Lake City,7500.0
1.8,6.0,Salt Lake City,4000.0
1.8,10.0,Salt Lake City,4000.0
3.5,10.0,Salt Lake City,7500.0
1.8,6.0,Salt Lake City,4000.0
1.8,10.0,Salt Lake City,4000.0
2.8,8.0,Salt Lake City,4500.0
2.8,8.0,Salt Lake City,4500.0
4.5,8.0,Salt Lake City,7500.0
1.8,6.0,Salt Lake City,4000.0
4.5,8.0,Salt Lake City,7500.0
3.5,10.0,Salt Lake City,9000.0
4.0,10.0,Salt Lake City,9000.0
3.5,8.0,Salt Lake City,2608.0
4.1,10.0,Salt Lake City,9000.0
4.5,8.0,Salt Lake City,7500.0
3.5,10.0,Salt Lake City,9000.0
4.0,10.0,Salt Lake City,9000.0
3.5,8.0,Salt Lake City,2608.0
4.1,10.0,Salt Lake City,9000.0
3.5,9.0,Salt Lake City,3500.0
2.3,8.0,Salt Lake City,2500.0
3.5,10.0,Salt Lake City,6500.0
3.5,7.0,Salt Lake City,6500.0
2.8,8.0,Salt Lake City,4500.0
3.5,9.0,Salt Lake City,3500.0
2.3,8.0,Salt Lake City,2500.0
3.5,10.0,Salt Lake City,6500.0
3.5,7.0,Salt Lake City,6500.0
6.5,10.0,Salt Lake City,6000.0
3.5,10.0,Salt Lake City,6500.0
6.5,10.0,Salt Lake City,6000.0
0.34,2.0,Salt Lake City,800.0
0.34,2.0,Salt Lake City,800.0
3.5,4.0,Salt Lake City,3200.0
3.5,4.0,Salt Lake City,3200.0
5.53,2.0,Salt Lake City,5000.0
5.53,2.0,Salt Lake City,5000.0
4.5,9.0,Salt Lake City,6000.0
4.5,9.0,Salt Lake City,6000.0
2.0,3.0,Salt Lake City,2300.0
4.4,4.0,Salt Lake City,4600.0
2.0,3.0,Salt Lake City,2300.0
4.4,4.0,Salt Lake City,4600.0
4.4,4.0,Salt Lake City,4600.0
4.5,9.0,Salt Lake City,5500.0
4.5,9.0,Salt Lake City,5500.0
0.99,2.0,Salt Lake City,1150.0
0.99,2.0,Salt Lake City,1150.0
5.55,8.0,Salt Lake City,5400.0
5.55,8.0,Salt Lake City,5400.0
1.35,3.0,Santoshpur,2500.0
1.12,4.0,Santoshpur,1800.0
1.12,4.0,Santoshpur,1800.0
1.25,5.0,Santoshpur,3000.0
1.25,5.0,Santoshpur,3000.0
1.3,4.0,Santoshpur,1500.0
1.3,4.0,Santoshpur,1500.0
1.25,5.0,Santoshpur,2000.0
1.25,5.0,Santoshpur,2000.0
1.15,6.0,Santoshpur,3200.0
1.15,6.0,Santoshpur,3200.0
0.95,6.0,Santoshpur,2500.0
0.78,6.0,Santoshpur,3000.0
0.95,6.0,Santoshpur,2500.0
0.78,6.0,Santoshpur,3000.0
0.85,2.0,Santoshpur,1250.0
0.85,2.0,Santoshpur,1250.0
1.2,5.0,Santoshpur,2000.0
1.2,5.0,Santoshpur,2000.0
1.3,3.0,Santoshpur,2200.0
1.3,3.0,Santoshpur,2200.0
1.9,8.0,Santoshpur,2200.0
1.9,8.0,Santoshpur,2200.0
1.6,6.0,Santoshpur,2100.0
1.6,6.0,Santoshpur,2100.0
1.4,6.0,Santoshpur,3000.0
1.4,6.0,Santoshpur,3000.0
2.0,10.0,Santoshpur,4000.0
2.0,10.0,Santoshpur,4000.0
1.8,6.0,Santoshpur,2550.0
1.8,6.0,Santoshpur,2550.0
1.2,3.0,Santoshpur,2500.0
1.2,3.0,Santoshpur,2500.0
0.8,5.0,Santoshpur,2200.0
0.45,3.0,Santoshpur,840.0
0.8,4.0,Santoshpur,2200.0
0.8,5.0,Santoshpur,2200.0
0.45,3.0,Santoshpur,840.0
0.8,4.0,Santoshpur,2200.0
0.531,3.0,Santoshpur,1180.0
0.3803,2.0,Santoshpur,845.0
0.5517,3.0,Santoshpur,1226.0
0.531,3.0,Santoshpur,1180.0
0.3803,2.0,Santoshpur,845.0
0.5517,3.0,Santoshpur,1226.0
2.3,4.0,Santoshpur,5000.0
2.3,4.0,Santoshpur,5000.0
2.5,10.0,Sarada Pally,8000.0
2.5,10.0,Sarada Pally,8000.0
0.65,3.0,Sarada Pally,1200.0
0.65,3.0,Sarada Pally,1200.0
0.26,2.0,Sarsuna,1100.0
0.26,2.0,Sarsuna,1100.0
0.95,5.0,Sarsuna,3000.0
0.45,4.0,Sarsuna,1000.0
0.95,5.0,Sarsuna,3000.0
0.45,4.0,Sarsuna,1000.0
0.72,6.0,Sarsuna,3000.0
0.72,6.0,Sarsuna,3000.0
0.35,2.0,Sarsuna,1400.0
0.35,2.0,Sarsuna,1400.0
0.52,3.0,Sarsuna,1200.0
0.57,3.0,Sarsuna,1200.0
0.52,3.0,Sarsuna,1200.0
0.57,3.0,Sarsuna,1200.0
0.37,4.0,Sarsuna,1400.0
0.26,2.0,Sarsuna,750.0
0.37,4.0,Sarsuna,1400.0
0.26,2.0,Sarsuna,750.0
0.8,4.0,Sarsuna,3500.0
0.8,4.0,Sarsuna,3500.0
3.0,9.0,Sarsuna,4500.0
3.0,9.0,Sarsuna,4500.0
0.75,6.0,Sarsuna,2160.0
0.75,6.0,Sarsuna,2160.0
0.95,5.0,Sarsuna,2100.0
0.95,5.0,Sarsuna,2100.0
0.85,5.0,Sarsuna,3000.0
0.85,5.0,Sarsuna,3000.0
1.5,5.0,Sarsuna,3000.0
1.5,5.0,Sarsuna,3000.0
0.3,3.0,Sarsuna,1500.0
0.3,3.0,Sarsuna,1500.0
3.75,4.0,Sarsuna,8000.0
3.75,4.0,Sarsuna,8000.0
0.45,4.0,Sarsuna,1755.0
0.36,2.0,Sarsuna,1440.0
0.45,4.0,Sarsuna,1755.0
0.36,2.0,Sarsuna,1440.0
2.0,5.0,Sarsuna,2100.0
2.0,5.0,Sarsuna,2100.0
0.7,4.0,Sarsuna,1600.0
0.7,4.0,Sarsuna,1600.0
0.45,6.0,Sarsuna,2000.0
0.45,6.0,Sarsuna,2000.0
0.45,6.0,Sarsuna,2000.0
0.040999999999999995,2.0,Sewli Telinipara,1150.0
0.040999999999999995,2.0,Sewli Telinipara,1150.0
2.4,8.0,Shobhabazar,2900.0
2.4,8.0,Shobhabazar,2900.0
5.0,7.0,Shobhabazar,2500.0
5.0,7.0,Shobhabazar,2500.0
0.56,1.0,Shobhabazar,539.0
0.56,1.0,Shobhabazar,539.0
3.0,9.0,Shyambazar,4200.0
3.0,9.0,Shyambazar,4200.0
5.0,7.0,Shyambazar,3600.0
5.0,7.0,Shyambazar,3600.0
3.85,9.0,Shyambazar,5200.0
3.85,9.0,Shyambazar,5200.0
3.3,10.0,Shyambazar,3300.0
3.3,10.0,Shyambazar,3300.0
0.43,5.0,Shyamnagar,3000.0
0.43,5.0,Shyamnagar,3000.0
0.4,2.0,Shyamnagar,2390.0
0.4,2.0,Shyamnagar,2390.0
0.25,2.0,Shyamnagar,1000.0
0.25,2.0,Shyamnagar,1000.0
0.45,6.0,Shyamnagar,2450.0
0.45,6.0,Shyamnagar,2450.0
0.35,3.0,Shyamnagar,1092.0
0.35,3.0,Shyamnagar,1092.0
0.45,6.0,Shyamnagar,2450.0
0.65,5.0,Shyamnagar,2620.0
0.5448,5.0,Shyamnagar,2410.0
0.65,5.0,Shyamnagar,2620.0
0.5448,5.0,Shyamnagar,2410.0
0.65,4.0,Shyamnagar,3000.0
0.65,4.0,Shyamnagar,3000.0
2.3,6.0,Sinthi,4100.0
2.3,6.0,Sinthi,4100.0
0.96,4.0,Sinthi,1500.0
0.96,4.0,Sinthi,1500.0
0.6,3.0,Sinthi,12000.0
0.6,3.0,Sinthi,10000.0
0.6,3.0,Sinthi,12000.0
0.6,3.0,Sinthi,10000.0
0.7,5.0,Sinthi,12000.0
0.7,5.0,Sinthi,12000.0
2.0,5.0,Sinthi,2800.0
2.0,5.0,Sinthi,2800.0
1.1,4.0,Sinthi,1300.0
1.1,4.0,Sinthi,1300.0
0.63,3.0,Sinthi,1440.0
0.63,3.0,Sinthi,1440.0
0.85,4.0,Sinthi,1500.0
0.85,4.0,Sinthi,1500.0
4.5,10.0,Sinthi,9000.0
4.5,10.0,Sinthi,9000.0
0.75,5.0,Sodepur,2000.0
0.75,5.0,Sodepur,2000.0
0.225,2.0,Sodepur,1395.0
0.225,2.0,Sodepur,1395.0
0.38,5.0,Sodepur,1250.0
0.38,5.0,Sodepur,1250.0
1.5,5.0,Sodepur,3658.0
0.52,6.0,Sodepur,1910.0
0.35200000000000004,3.0,Sodepur,1095.0
0.28,2.0,Sodepur,1453.0
0.55,4.0,Sodepur,1485.0
0.2555,3.0,Sodepur,1450.0
1.5,5.0,Sodepur,3658.0
0.52,6.0,Sodepur,1910.0
0.35200000000000004,3.0,Sodepur,1095.0
0.28,2.0,Sodepur,1453.0
0.55,4.0,Sodepur,1485.0
0.2555,3.0,Sodepur,1450.0
0.69,5.0,Sodepur,1810.0
0.375,4.0,Sodepur,1110.0
0.33,2.0,Sodepur,1123.0
0.78,5.0,Sodepur,1935.0
0.385,3.0,Sodepur,948.0
0.3875,3.0,Sodepur,988.0
0.5,6.0,Sodepur,1858.0
0.265,2.0,Sodepur,866.0
0.275,4.0,Sodepur,1550.0
0.6255,3.0,Sodepur,2880.0
0.76,4.0,Sodepur,2200.0
0.69,5.0,Sodepur,1810.0
0.375,4.0,Sodepur,1110.0
0.33,2.0,Sodepur,1123.0
0.78,5.0,Sodepur,1935.0
0.385,3.0,Sodepur,948.0
0.3875,3.0,Sodepur,988.0
0.5,6.0,Sodepur,1858.0
0.265,2.0,Sodepur,866.0
0.275,4.0,Sodepur,1550.0
0.6255,3.0,Sodepur,2880.0
0.76,4.0,Sodepur,2200.0
0.48,6.0,Sodepur,2200.0
0.48,6.0,Sodepur,2200.0
0.35,3.0,Sodepur,1200.0
0.35,3.0,Sodepur,1200.0
2.5,9.0,Sodepur,5200.0
2.5,9.0,Sodepur,5200.0
0.18,2.0,Sodepur,1080.0
0.18,2.0,Sodepur,1080.0
0.75,6.0,Sodepur,2400.0
0.75,6.0,Sodepur,2400.0
0.7,5.0,Sodepur,3000.0
0.7,5.0,Sodepur,3000.0
1.2,5.0,Sodepur,3500.0
1.2,5.0,Sodepur,3500.0
0.4,2.0,Sodepur,1800.0
0.4,2.0,Sodepur,1800.0
1.0,6.0,Sodepur,2168.0
1.0,6.0,Sodepur,2168.0
1.5,7.0,South Dum Dum,1763.0
1.5,7.0,South Dum Dum,1763.0
1.5,7.0,South Dum Dum,1763.0
1.5,4.0,South Dum Dum,1000.0
1.5,4.0,South Dum Dum,1000.0
1.6,6.0,South Dum Dum,4000.0
1.6,6.0,South Dum Dum,4000.0
1.5,6.0,South Dum Dum,2400.0
1.5,6.0,South Dum Dum,2400.0
1.5,6.0,South Dum Dum,2400.0
10.5,10.0,South Dum Dum,9700.0
10.5,10.0,South Dum Dum,9700.0
1.5,3.0,South Dum Dum,1250.0
1.5,3.0,South Dum Dum,1250.0
7.0,5.0,South Dum Dum,4800.0
7.0,5.0,South Dum Dum,4800.0
0.45,2.0,South Dum Dum,920.0
0.45,2.0,South Dum Dum,920.0
1.5,7.0,South Dum Dum,3400.0
1.5,7.0,South Dum Dum,3400.0
0.2,2.0,South Dum Dum,600.0
0.15,3.0,South Dum Dum,800.0
0.2,2.0,South Dum Dum,600.0
0.15,3.0,South Dum Dum,800.0
1.0,4.0,South Dum Dum,3000.0
1.0,4.0,South Dum Dum,3000.0
1.1,5.0,South Dum Dum,1900.0
1.1,5.0,South Dum Dum,1900.0
0.25,2.0,South Dum Dum,560.0
0.25,2.0,South Dum Dum,560.0
0.81,3.0,South Dum Dum,2880.0
0.81,3.0,South Dum Dum,2880.0
1.8,6.0,South Dum Dum,1600.0
1.8,6.0,South Dum Dum,1600.0
2.0,4.0,South Dum Dum,1400.0
1.8,6.0,South Dum Dum,1600.0
2.0,4.0,South Dum Dum,1400.0
0.4,2.0,South Dum Dum,650.0
0.4,3.0,South Dum Dum,870.0
0.4,2.0,South Dum Dum,650.0
0.4,3.0,South Dum Dum,870.0
0.8,3.0,South Dum Dum,935.0
0.8,3.0,South Dum Dum,935.0
2.5,9.0,South Dum Dum,6500.0
2.5,9.0,South Dum Dum,6500.0
0.15,1.0,South Dum Dum,450.0
0.15,1.0,South Dum Dum,450.0
0.65,4.0,Sovabazar,1087.0
0.65,4.0,Sovabazar,1087.0
0.57,5.0,Srirampur,1600.0
0.57,5.0,Srirampur,1600.0
0.37,3.0,Srirampur,1200.0
0.37,3.0,Srirampur,1200.0
0.35,3.0,Srirampur,1000.0
0.35,3.0,Srirampur,1000.0
0.35,3.0,Srirampur,1000.0
2.25,4.0,Tagore Park,2800.0
2.25,4.0,Tagore Park,2800.0
2.3,8.0,Tagore Park,4000.0
2.3,8.0,Tagore Park,4000.0
1.3,3.0,Tala,1799.0
1.3,3.0,Tala,1799.0
1.3,3.0,Tala,1799.0
0.93,4.0,Tala,1440.0
0.15,2.0,Talbanda,600.0
0.15,2.0,Talbanda,600.0
8.0,10.0,Taltala,3600.0
8.0,10.0,Taltala,3600.0
10.0,4.0,Taltala,3000.0
10.0,4.0,Taltala,3000.0
1.6,7.0,Taltala,2240.0
1.6,7.0,Taltala,2240.0
0.5,3.0,Taltala,1100.0
0.5,3.0,Taltala,1100.0
2.0,2.0,Taltala,1139.0
2.0,2.0,Taltala,1139.0
10.0,10.0,Taltala,2600.0
10.0,10.0,Taltala,2600.0
0.7,2.0,Taltala,1150.0
0.7,2.0,Taltala,1150.0
2.5,8.0,Taltala,2000.0
2.5,8.0,Taltala,2000.0
1.0,4.0,Taltala,1500.0
1.0,4.0,Taltala,1500.0
1.5,5.0,Tangra,1440.0
1.5,5.0,Tangra,1440.0
0.25,1.0,Tangra,580.0
1.1,2.0,Tangra,1200.0
0.49,3.0,Tangra,900.0
0.9,3.0,Tangra,1080.0
1.0,2.0,Tangra,1500.0
0.25,1.0,Tangra,580.0
1.1,2.0,Tangra,1200.0
0.49,3.0,Tangra,900.0
0.9,3.0,Tangra,1080.0
1.0,2.0,Tangra,1500.0
1.1,3.0,Tangra,1500.0
1.1,3.0,Tangra,1500.0
2.5,5.0,Tangra,9000.0
2.5,5.0,Tangra,9000.0
0.55,3.0,Tangra,3360.0
0.55,3.0,Tangra,3360.0
1.79,4.0,Tangra,4300.0
1.79,4.0,Tangra,4300.0
0.16,2.0,Tangra,560.0
0.16,2.0,Tangra,560.0
8.0,9.0,Taratala,6000.0
8.0,9.0,Taratala,6000.0
0.7,6.0,Thakuranir Chak,2160.0
0.7,6.0,Thakuranir Chak,2160.0
0.7,6.0,Thakuranir Chak,2160.0
0.7,6.0,Thakuranir Chak,2160.0
0.32,3.0,Thakurpukur,1200.0
0.32,3.0,Thakurpukur,1200.0
0.32,3.0,Thakurpukur,1200.0
0.55,3.0,Thakurpukur,2000.0
0.32,3.0,Thakurpukur,1200.0
0.55,3.0,Thakurpukur,2000.0
0.75,5.0,Thakurpukur,2000.0
0.75,5.0,Thakurpukur,2000.0
0.5,3.0,Thakurpukur,1440.0
0.5,3.0,Thakurpukur,1440.0
0.48,3.0,Thakurpukur,1800.0
0.48,3.0,Thakurpukur,1800.0
0.55,3.0,Thakurpukur,1440.0
0.3,3.0,Thakurpukur,1080.0
0.3,3.0,Thakurpukur,1080.0
0.21989999999999998,2.0,Thakurpukur,920.0
0.21989999999999998,2.0,Thakurpukur,920.0
0.5,3.0,Thakurpukur,1440.0
0.5,3.0,Thakurpukur,1440.0
0.15,2.0,Thakurpukur,840.0
0.15,2.0,Thakurpukur,840.0
0.68,4.0,Thakurpukur,1750.0
0.68,4.0,Thakurpukur,1750.0
0.85,7.0,Thakurpukur,3000.0
1.2,10.0,Thakurpukur,4000.0
0.8,4.0,Thakurpukur,2000.0
0.85,7.0,Thakurpukur,3000.0
1.2,10.0,Thakurpukur,4000.0
0.8,4.0,Thakurpukur,2000.0
0.45,4.0,Thakurpukur,1450.0
0.45,4.0,Thakurpukur,1450.0
1.5,4.0,Thakurpukur,4500.0
1.5,4.0,Thakurpukur,4500.0
0.6,5.0,Thakurpukur,3400.0
0.6,5.0,Thakurpukur,3400.0
0.28,4.0,Thakurpukur,1500.0
0.28,4.0,Thakurpukur,1500.0
0.8,6.0,Thakurpukur,2100.0
0.8,6.0,Thakurpukur,2100.0
1.9,4.0,Thakurpukur,5395.0
1.9,4.0,Thakurpukur,5395.0
0.43,2.0,Thakurpukur,1500.0
0.48,3.0,Thakurpukur,910.0
0.43,2.0,Thakurpukur,1500.0
0.48,3.0,Thakurpukur,910.0
0.95,7.0,Thakurpukur,3000.0
0.95,7.0,Thakurpukur,3000.0
0.34,4.0,Thakurpukur,1000.0
0.34,4.0,Thakurpukur,1000.0
0.35,2.0,Thakurpukur,680.0
0.35,2.0,Thakurpukur,680.0
0.6,6.0,Thakurpukur,2520.0
0.6,6.0,Thakurpukur,2520.0
0.22,1.0,Thakurpukur,600.0
0.22,1.0,Thakurpukur,600.0
2.0,3.0,Tiljala,3500.0
2.0,3.0,Tiljala,3500.0
6.75,10.0,Tiljala,3240.0
6.75,10.0,Tiljala,3240.0
0.21,2.0,Tiljala,780.0
0.21,2.0,Tiljala,780.0
22.0,9.0,Tollygunge,12000.0
22.0,9.0,Tollygunge,12000.0
5.5,9.0,Tollygunge,6000.0
5.5,9.0,Tollygunge,6000.0
1.75,5.0,Tollygunge,2200.0
1.75,5.0,Tollygunge,2200.0
5.5,10.0,Tollygunge,6000.0
5.5,10.0,Tollygunge,6000.0
1.3,6.0,Tollygunge,3000.0
1.3,6.0,Tollygunge,3000.0
0.26,1.0,Tollygunge,450.0
0.26,1.0,Tollygunge,450.0
2.0,10.0,Tollygunge,3700.0
3.5,8.0,Tollygunge,2565.0
1.6,7.0,Tollygunge,3000.0
2.0,10.0,Tollygunge,3700.0
3.5,8.0,Tollygunge,2565.0
1.6,7.0,Tollygunge,3000.0
2.0,7.0,Tollygunge,3000.0
3.0,4.0,Tollygunge,10000.0
2.0,7.0,Tollygunge,3000.0
3.0,4.0,Tollygunge,10000.0
1.1,4.0,Tollygunge,3000.0
1.1,4.0,Tollygunge,3000.0
1.25,2.0,Tollygunge,1000.0
1.25,2.0,Tollygunge,1000.0
0.4,2.0,Tollygunge,800.0
0.4,2.0,Tollygunge,800.0
1.1,7.0,Tollygunge,4000.0
1.1,7.0,Tollygunge,4000.0
0.32,1.0,Tollygunge,1440.0
0.7,3.0,Tollygunge,1500.0
2.1,4.0,Tollygunge,2500.0
2.1,4.0,Tollygunge,2500.0
1.1,5.0,Tollygunge,2600.0
0.135,1.0,Topsia,700.0
0.135,1.0,Topsia,700.0
2.0,3.0,Topsia,3500.0
2.0,3.0,Topsia,3500.0
0.15,1.0,Topsia,400.0
0.15,1.0,Topsia,400.0
0.1,1.0,Topsia,350.0
2.0,3.0,Topsia,2060.0
2.0,3.0,Topsia,2060.0
2.35,3.0,Topsia,2253.0
2.35,3.0,Topsia,2253.0
1.1,2.0,Topsia,1800.0
1.1,2.0,Topsia,1800.0
1.05,3.0,Ultadanga,1920.0
1.05,3.0,Ultadanga,1920.0
0.285,2.0,Uttarbhag,1024.0
0.285,2.0,Uttarbhag,1024.0
3.7,5.0,VIP Nagar,3000.0
3.7,5.0,VIP Nagar,3000.0
1.7,3.0,VIP Nagar,1440.0
1.7,3.0,VIP Nagar,1440.0
11.0,2.0,Vedic Village,1500.0
11.0,2.0,Vedic Village,1500.0
0.25,2.0,Vedic Village,1440.0
0.25,2.0,Vedic Village,1440.0
0.4,4.0,Ward No 113,1500.0
0.4,4.0,Ward No 113,1500.0
0.13,2.0,Ward No 113,600.0
0.13,2.0,Ward No 113,600.0
0.33,4.0,Ward No 113,1620.0
0.33,4.0,Ward No 113,1620.0
0.45,2.0,Ward No 113,950.0
0.45,2.0,Ward No 113,950.0
